file,line,type,commit,author,date,time,timezone,datetime,depth,length
static/style.css,1,css,a462c6a2,Maria Pardini Osorio,2025-03-06,05:46:45,-05:00,2025-03-06T05:46:45-05:00,0,5
static/style.css,2,css,00000000,Not Committed Yet,2025-04-03,12:37:45,-04:00,2025-04-03T12:37:45-04:00,1,42
static/style.css,3,css,a462c6a2,Maria Pardini Osorio,2025-03-06,05:46:45,-05:00,2025-03-06T05:46:45-05:00,0,0
static/style.css,4,css,a462c6a2,Maria Pardini Osorio,2025-03-06,05:46:45,-05:00,2025-03-06T05:46:45-05:00,0,0
static/style.css,5,css,00000000,Not Committed Yet,2025-04-03,12:37:45,-04:00,2025-04-03T12:37:45-04:00,0,4
static/style.css,6,css,00000000,Not Committed Yet,2025-04-03,12:37:45,-04:00,2025-04-03T12:37:45-04:00,1,17
static/style.css,7,css,00000000,Not Committed Yet,2025-04-03,12:37:45,-04:00,2025-04-03T12:37:45-04:00,0,0
static/style.css,8,css,a462c6a2,Maria Pardini Osorio,2025-03-06,05:46:45,-05:00,2025-03-06T05:46:45-05:00,0,0
static/style.css,9,css,a462c6a2,Maria Pardini Osorio,2025-03-06,05:46:45,-05:00,2025-03-06T05:46:45-05:00,0,4
static/style.css,10,css,00000000,Not Committed Yet,2025-04-03,12:37:45,-04:00,2025-04-03T12:37:45-04:00,1,43
static/style.css,11,css,a462c6a2,Maria Pardini Osorio,2025-03-06,05:46:45,-05:00,2025-03-06T05:46:45-05:00,3,42
static/style.css,12,css,a462c6a2,Maria Pardini Osorio,2025-03-06,05:46:45,-05:00,2025-03-06T05:46:45-05:00,2,0
static/style.css,13,css,00000000,Not Committed Yet,2025-04-03,12:37:45,-04:00,2025-04-03T12:37:45-04:00,1,23
static/style.css,14,css,00000000,Not Committed Yet,2025-04-03,12:37:45,-04:00,2025-04-03T12:37:45-04:00,1,15
static/style.css,15,css,00000000,Not Committed Yet,2025-04-03,12:37:45,-04:00,2025-04-03T12:37:45-04:00,1,18
static/style.css,16,css,00000000,Not Committed Yet,2025-04-03,12:37:45,-04:00,2025-04-03T12:37:45-04:00,1,12
static/style.css,17,css,00000000,Not Committed Yet,2025-04-03,12:37:45,-04:00,2025-04-03T12:37:45-04:00,1,32
static/style.css,18,css,00000000,Not Committed Yet,2025-04-03,12:37:45,-04:00,2025-04-03T12:37:45-04:00,0,0
static/style.css,19,css,00000000,Not Committed Yet,2025-04-03,12:37:45,-04:00,2025-04-03T12:37:45-04:00,0,0
static/style.css,20,css,00000000,Not Committed Yet,2025-04-03,12:37:45,-04:00,2025-04-03T12:37:45-04:00,0,4
static/style.css,21,css,00000000,Not Committed Yet,2025-04-03,12:37:45,-04:00,2025-04-03T12:37:45-04:00,0,7
static/style.css,22,css,00000000,Not Committed Yet,2025-04-03,12:37:45,-04:00,2025-04-03T12:37:45-04:00,0,6
static/style.css,23,css,00000000,Not Committed Yet,2025-04-03,12:37:45,-04:00,2025-04-03T12:37:45-04:00,1,12
static/style.css,24,css,00000000,Not Committed Yet,2025-04-03,12:37:45,-04:00,2025-04-03T12:37:45-04:00,0,0
static/style.css,25,css,00000000,Not Committed Yet,2025-04-03,12:37:45,-04:00,2025-04-03T12:37:45-04:00,0,0
static/style.css,26,css,00000000,Not Committed Yet,2025-04-03,12:37:45,-04:00,2025-04-03T12:37:45-04:00,0,4
static/style.css,27,css,00000000,Not Committed Yet,2025-04-03,12:37:45,-04:00,2025-04-03T12:37:45-04:00,1,12
static/style.css,28,css,00000000,Not Committed Yet,2025-04-03,12:37:45,-04:00,2025-04-03T12:37:45-04:00,1,30
static/style.css,29,css,00000000,Not Committed Yet,2025-04-03,12:37:45,-04:00,2025-04-03T12:37:45-04:00,1,7
static/style.css,30,css,00000000,Not Committed Yet,2025-04-03,12:37:45,-04:00,2025-04-03T12:37:45-04:00,0,0
static/style.css,31,css,00000000,Not Committed Yet,2025-04-03,12:37:45,-04:00,2025-04-03T12:37:45-04:00,0,6
static/style.css,32,css,00000000,Not Committed Yet,2025-04-03,12:37:45,-04:00,2025-04-03T12:37:45-04:00,1,18
static/style.css,33,css,00000000,Not Committed Yet,2025-04-03,12:37:45,-04:00,2025-04-03T12:37:45-04:00,0,0
static/style.css,34,css,a462c6a2,Maria Pardini Osorio,2025-03-06,05:46:45,-05:00,2025-03-06T05:46:45-05:00,0,0
static/style.css,35,css,f53e3543,Maria Pardini Osorio,2025-03-20,19:17:32,-04:00,2025-03-20T19:17:32-04:00,0,9
static/style.css,36,css,f53e3543,Maria Pardini Osorio,2025-03-20,19:17:32,-04:00,2025-03-20T19:17:32-04:00,1,14
static/style.css,37,css,a462c6a2,Maria Pardini Osorio,2025-03-06,05:46:45,-05:00,2025-03-06T05:46:45-05:00,1,12
static/style.css,38,css,f53e3543,Maria Pardini Osorio,2025-03-20,19:17:32,-04:00,2025-03-20T19:17:32-04:00,1,58
static/style.css,39,css,f53e3543,Maria Pardini Osorio,2025-03-20,19:17:32,-04:00,2025-03-20T19:17:32-04:00,1,7
static/style.css,40,css,a462c6a2,Maria Pardini Osorio,2025-03-06,05:46:45,-05:00,2025-03-06T05:46:45-05:00,0,0
static/style.css,41,css,a462c6a2,Maria Pardini Osorio,2025-03-06,05:46:45,-05:00,2025-03-06T05:46:45-05:00,0,0
static/style.css,42,css,00000000,Not Committed Yet,2025-04-03,12:37:45,-04:00,2025-04-03T12:37:45-04:00,0,7
static/style.css,43,css,a462c6a2,Maria Pardini Osorio,2025-03-06,05:46:45,-05:00,2025-03-06T05:46:45-05:00,1,12
static/style.css,44,css,00000000,Not Committed Yet,2025-04-03,12:37:45,-04:00,2025-04-03T12:37:45-04:00,1,26
static/style.css,45,css,00000000,Not Committed Yet,2025-04-03,12:37:45,-04:00,2025-04-03T12:37:45-04:00,1,15
static/style.css,46,css,00000000,Not Committed Yet,2025-04-03,12:37:45,-04:00,2025-04-03T12:37:45-04:00,0,0
static/style.css,47,css,00000000,Not Committed Yet,2025-04-03,12:37:45,-04:00,2025-04-03T12:37:45-04:00,0,0
static/style.css,48,css,00000000,Not Committed Yet,2025-04-03,12:37:45,-04:00,2025-04-03T12:37:45-04:00,0,2
static/style.css,49,css,00000000,Not Committed Yet,2025-04-03,12:37:45,-04:00,2025-04-03T12:37:45-04:00,1,8
static/style.css,50,css,00000000,Not Committed Yet,2025-04-03,12:37:45,-04:00,2025-04-03T12:37:45-04:00,0,0
static/style.css,51,css,00000000,Not Committed Yet,2025-04-03,12:37:45,-04:00,2025-04-03T12:37:45-04:00,0,2
static/style.css,52,css,00000000,Not Committed Yet,2025-04-03,12:37:45,-04:00,2025-04-03T12:37:45-04:00,1,14
static/style.css,53,css,00000000,Not Committed Yet,2025-04-03,12:37:45,-04:00,2025-04-03T12:37:45-04:00,0,0
static/style.css,54,css,00000000,Not Committed Yet,2025-04-03,12:37:45,-04:00,2025-04-03T12:37:45-04:00,0,0
static/style.css,55,css,00000000,Not Committed Yet,2025-04-03,12:37:45,-04:00,2025-04-03T12:37:45-04:00,0,2
static/style.css,56,css,00000000,Not Committed Yet,2025-04-03,12:37:45,-04:00,2025-04-03T12:37:45-04:00,1,14
static/style.css,57,css,00000000,Not Committed Yet,2025-04-03,12:37:45,-04:00,2025-04-03T12:37:45-04:00,0,0
static/style.css,58,css,00000000,Not Committed Yet,2025-04-03,12:37:45,-04:00,2025-04-03T12:37:45-04:00,0,1
static/style.css,59,css,00000000,Not Committed Yet,2025-04-03,12:37:45,-04:00,2025-04-03T12:37:45-04:00,1,17
static/style.css,60,css,00000000,Not Committed Yet,2025-04-03,12:37:45,-04:00,2025-04-03T12:37:45-04:00,0,0
static/style.css,61,css,00000000,Not Committed Yet,2025-04-03,12:37:45,-04:00,2025-04-03T12:37:45-04:00,0,2
static/style.css,62,css,00000000,Not Committed Yet,2025-04-03,12:37:45,-04:00,2025-04-03T12:37:45-04:00,1,14
static/style.css,63,css,00000000,Not Committed Yet,2025-04-03,12:37:45,-04:00,2025-04-03T12:37:45-04:00,0,0
static/style.css,64,css,00000000,Not Committed Yet,2025-04-03,12:37:45,-04:00,2025-04-03T12:37:45-04:00,0,0
static/style.css,65,css,00000000,Not Committed Yet,2025-04-03,12:37:45,-04:00,2025-04-03T12:37:45-04:00,0,1
static/style.css,66,css,00000000,Not Committed Yet,2025-04-03,12:37:45,-04:00,2025-04-03T12:37:45-04:00,0,1
static/style.css,67,css,00000000,Not Committed Yet,2025-04-03,12:37:45,-04:00,2025-04-03T12:37:45-04:00,0,1
static/style.css,68,css,00000000,Not Committed Yet,2025-04-03,12:37:45,-04:00,2025-04-03T12:37:45-04:00,0,1
static/style.css,69,css,00000000,Not Committed Yet,2025-04-03,12:37:45,-04:00,2025-04-03T12:37:45-04:00,0,1
static/style.css,70,css,00000000,Not Committed Yet,2025-04-03,12:37:45,-04:00,2025-04-03T12:37:45-04:00,0,2
static/style.css,71,css,00000000,Not Committed Yet,2025-04-03,12:37:45,-04:00,2025-04-03T12:37:45-04:00,1,15
static/style.css,72,css,00000000,Not Committed Yet,2025-04-03,12:37:45,-04:00,2025-04-03T12:37:45-04:00,1,17
static/style.css,73,css,00000000,Not Committed Yet,2025-04-03,12:37:45,-04:00,2025-04-03T12:37:45-04:00,0,0
static/style.css,74,css,00000000,Not Committed Yet,2025-04-03,12:37:45,-04:00,2025-04-03T12:37:45-04:00,0,0
static/style.css,75,css,00000000,Not Committed Yet,2025-04-03,12:37:45,-04:00,2025-04-03T12:37:45-04:00,0,7
static/style.css,76,css,00000000,Not Committed Yet,2025-04-03,12:37:45,-04:00,2025-04-03T12:37:45-04:00,1,15
static/style.css,77,css,00000000,Not Committed Yet,2025-04-03,12:37:45,-04:00,2025-04-03T12:37:45-04:00,1,16
static/style.css,78,css,00000000,Not Committed Yet,2025-04-03,12:37:45,-04:00,2025-04-03T12:37:45-04:00,1,12
static/style.css,79,css,00000000,Not Committed Yet,2025-04-03,12:37:45,-04:00,2025-04-03T12:37:45-04:00,1,63
static/style.css,80,css,00000000,Not Committed Yet,2025-04-03,12:37:45,-04:00,2025-04-03T12:37:45-04:00,1,18
static/style.css,81,css,00000000,Not Committed Yet,2025-04-03,12:37:45,-04:00,2025-04-03T12:37:45-04:00,1,40
static/style.css,82,css,00000000,Not Committed Yet,2025-04-03,12:37:45,-04:00,2025-04-03T12:37:45-04:00,0,0
static/style.css,83,css,00000000,Not Committed Yet,2025-04-03,12:37:45,-04:00,2025-04-03T12:37:45-04:00,0,0
static/style.css,84,css,00000000,Not Committed Yet,2025-04-03,12:37:45,-04:00,2025-04-03T12:37:45-04:00,0,12
static/style.css,85,css,00000000,Not Committed Yet,2025-04-03,12:37:45,-04:00,2025-04-03T12:37:45-04:00,1,20
static/style.css,86,css,00000000,Not Committed Yet,2025-04-03,12:37:45,-04:00,2025-04-03T12:37:45-04:00,1,22
static/style.css,87,css,00000000,Not Committed Yet,2025-04-03,12:37:45,-04:00,2025-04-03T12:37:45-04:00,1,25
static/style.css,88,css,00000000,Not Committed Yet,2025-04-03,12:37:45,-04:00,2025-04-03T12:37:45-04:00,1,36
static/style.css,89,css,00000000,Not Committed Yet,2025-04-03,12:37:45,-04:00,2025-04-03T12:37:45-04:00,1,22
static/style.css,90,css,00000000,Not Committed Yet,2025-04-03,12:37:45,-04:00,2025-04-03T12:37:45-04:00,1,14
static/style.css,91,css,00000000,Not Committed Yet,2025-04-03,12:37:45,-04:00,2025-04-03T12:37:45-04:00,1,16
static/style.css,92,css,00000000,Not Committed Yet,2025-04-03,12:37:45,-04:00,2025-04-03T12:37:45-04:00,1,20
static/style.css,93,css,00000000,Not Committed Yet,2025-04-03,12:37:45,-04:00,2025-04-03T12:37:45-04:00,1,17
static/style.css,94,css,00000000,Not Committed Yet,2025-04-03,12:37:45,-04:00,2025-04-03T12:37:45-04:00,1,18
static/style.css,95,css,00000000,Not Committed Yet,2025-04-03,12:37:45,-04:00,2025-04-03T12:37:45-04:00,0,0
static/style.css,96,css,00000000,Not Committed Yet,2025-04-03,12:37:45,-04:00,2025-04-03T12:37:45-04:00,0,0
static/style.css,97,css,00000000,Not Committed Yet,2025-04-03,12:37:45,-04:00,2025-04-03T12:37:45-04:00,0,18
static/style.css,98,css,00000000,Not Committed Yet,2025-04-03,12:37:45,-04:00,2025-04-03T12:37:45-04:00,1,36
static/style.css,99,css,00000000,Not Committed Yet,2025-04-03,12:37:45,-04:00,2025-04-03T12:37:45-04:00,1,11
static/style.css,100,css,00000000,Not Committed Yet,2025-04-03,12:37:45,-04:00,2025-04-03T12:37:45-04:00,0,0
static/style.css,101,css,00000000,Not Committed Yet,2025-04-03,12:37:45,-04:00,2025-04-03T12:37:45-04:00,0,0
static/style.css,102,css,00000000,Not Committed Yet,2025-04-03,12:37:45,-04:00,2025-04-03T12:37:45-04:00,0,10
static/style.css,103,css,00000000,Not Committed Yet,2025-04-03,12:37:45,-04:00,2025-04-03T12:37:45-04:00,1,17
static/style.css,104,css,00000000,Not Committed Yet,2025-04-03,12:37:45,-04:00,2025-04-03T12:37:45-04:00,1,16
static/style.css,105,css,00000000,Not Committed Yet,2025-04-03,12:37:45,-04:00,2025-04-03T12:37:45-04:00,1,18
static/style.css,106,css,00000000,Not Committed Yet,2025-04-03,12:37:45,-04:00,2025-04-03T12:37:45-04:00,1,25
static/style.css,107,css,00000000,Not Committed Yet,2025-04-03,12:37:45,-04:00,2025-04-03T12:37:45-04:00,0,0
static/style.css,108,css,00000000,Not Committed Yet,2025-04-03,12:37:45,-04:00,2025-04-03T12:37:45-04:00,0,0
static/style.css,109,css,00000000,Not Committed Yet,2025-04-03,12:37:45,-04:00,2025-04-03T12:37:45-04:00,0,9
static/style.css,110,css,00000000,Not Committed Yet,2025-04-03,12:37:45,-04:00,2025-04-03T12:37:45-04:00,0,1
static/style.css,111,css,00000000,Not Committed Yet,2025-04-03,12:37:45,-04:00,2025-04-03T12:37:45-04:00,1,8
static/style.css,112,css,00000000,Not Committed Yet,2025-04-03,12:37:45,-04:00,2025-04-03T12:37:45-04:00,0,0
static/style.css,113,css,00000000,Not Committed Yet,2025-04-03,12:37:45,-04:00,2025-04-03T12:37:45-04:00,0,9
static/style.css,114,css,00000000,Not Committed Yet,2025-04-03,12:37:45,-04:00,2025-04-03T12:37:45-04:00,1,17
static/style.css,115,css,00000000,Not Committed Yet,2025-04-03,12:37:45,-04:00,2025-04-03T12:37:45-04:00,0,0
static/style.css,116,css,00000000,Not Committed Yet,2025-04-03,12:37:45,-04:00,2025-04-03T12:37:45-04:00,0,0
static/style.css,117,css,00000000,Not Committed Yet,2025-04-03,12:37:45,-04:00,2025-04-03T12:37:45-04:00,0,10
static/style.css,118,css,00000000,Not Committed Yet,2025-04-03,12:37:45,-04:00,2025-04-03T12:37:45-04:00,1,22
static/style.css,119,css,00000000,Not Committed Yet,2025-04-03,12:37:45,-04:00,2025-04-03T12:37:45-04:00,1,14
static/style.css,120,css,00000000,Not Committed Yet,2025-04-03,12:37:45,-04:00,2025-04-03T12:37:45-04:00,1,18
static/style.css,121,css,00000000,Not Committed Yet,2025-04-03,12:37:45,-04:00,2025-04-03T12:37:45-04:00,1,39
static/style.css,122,css,00000000,Not Committed Yet,2025-04-03,12:37:45,-04:00,2025-04-03T12:37:45-04:00,1,41
static/style.css,123,css,00000000,Not Committed Yet,2025-04-03,12:37:45,-04:00,2025-04-03T12:37:45-04:00,1,10
static/style.css,124,css,00000000,Not Committed Yet,2025-04-03,12:37:45,-04:00,2025-04-03T12:37:45-04:00,1,15
static/style.css,125,css,00000000,Not Committed Yet,2025-04-03,12:37:45,-04:00,2025-04-03T12:37:45-04:00,1,17
static/style.css,126,css,00000000,Not Committed Yet,2025-04-03,12:37:45,-04:00,2025-04-03T12:37:45-04:00,1,17
static/style.css,127,css,00000000,Not Committed Yet,2025-04-03,12:37:45,-04:00,2025-04-03T12:37:45-04:00,1,18
static/style.css,128,css,00000000,Not Committed Yet,2025-04-03,12:37:45,-04:00,2025-04-03T12:37:45-04:00,0,0
static/style.css,129,css,00000000,Not Committed Yet,2025-04-03,12:37:45,-04:00,2025-04-03T12:37:45-04:00,0,0
static/style.css,130,css,00000000,Not Committed Yet,2025-04-03,12:37:45,-04:00,2025-04-03T12:37:45-04:00,0,13
static/style.css,131,css,00000000,Not Committed Yet,2025-04-03,12:37:45,-04:00,2025-04-03T12:37:45-04:00,1,17
static/style.css,132,css,00000000,Not Committed Yet,2025-04-03,12:37:45,-04:00,2025-04-03T12:37:45-04:00,1,8
static/style.css,133,css,00000000,Not Committed Yet,2025-04-03,12:37:45,-04:00,2025-04-03T12:37:45-04:00,1,10
static/style.css,134,css,00000000,Not Committed Yet,2025-04-03,12:37:45,-04:00,2025-04-03T12:37:45-04:00,1,13
static/style.css,135,css,00000000,Not Committed Yet,2025-04-03,12:37:45,-04:00,2025-04-03T12:37:45-04:00,1,19
static/style.css,136,css,00000000,Not Committed Yet,2025-04-03,12:37:45,-04:00,2025-04-03T12:37:45-04:00,1,7
static/style.css,137,css,00000000,Not Committed Yet,2025-04-03,12:37:45,-04:00,2025-04-03T12:37:45-04:00,0,0
static/global.js,1,js,a462c6a2,Maria Pardini Osorio,2025-03-06,05:46:45,-05:00,2025-03-06T05:46:45-05:00,0,25
static/global.js,2,js,a462c6a2,Maria Pardini Osorio,2025-03-06,05:46:45,-05:00,2025-03-06T05:46:45-05:00,0,0
static/global.js,3,js,00000000,Not Committed Yet,2025-04-03,12:37:45,-04:00,2025-04-03T12:37:45-04:00,0,41
static/global.js,4,js,00000000,Not Committed Yet,2025-04-03,12:37:45,-04:00,2025-04-03T12:37:45-04:00,1,52
static/global.js,5,js,a462c6a2,Maria Pardini Osorio,2025-03-06,05:46:45,-05:00,2025-03-06T05:46:45-05:00,0,0
static/global.js,6,js,a462c6a2,Maria Pardini Osorio,2025-03-06,05:46:45,-05:00,2025-03-06T05:46:45-05:00,0,0
static/global.js,7,js,a462c6a2,Maria Pardini Osorio,2025-03-06,05:46:45,-05:00,2025-03-06T05:46:45-05:00,0,7
static/global.js,8,js,a462c6a2,Maria Pardini Osorio,2025-03-06,05:46:45,-05:00,2025-03-06T05:46:45-05:00,0,99
static/global.js,9,js,a462c6a2,Maria Pardini Osorio,2025-03-06,05:46:45,-05:00,2025-03-06T05:46:45-05:00,0,0
static/global.js,10,js,a462c6a2,Maria Pardini Osorio,2025-03-06,05:46:45,-05:00,2025-03-06T05:46:45-05:00,0,56
static/global.js,11,js,a462c6a2,Maria Pardini Osorio,2025-03-06,05:46:45,-05:00,2025-03-06T05:46:45-05:00,0,39
static/global.js,12,js,a462c6a2,Maria Pardini Osorio,2025-03-06,05:46:45,-05:00,2025-03-06T05:46:45-05:00,0,2
static/global.js,13,js,a462c6a2,Maria Pardini Osorio,2025-03-06,05:46:45,-05:00,2025-03-06T05:46:45-05:00,0,0
static/global.js,14,js,18449dbb,Maria Pardini Osorio,2025-03-13,13:35:28,-04:00,2025-03-13T13:35:28-04:00,0,14
static/global.js,15,js,18449dbb,Maria Pardini Osorio,2025-03-13,13:35:28,-04:00,2025-03-13T13:35:28-04:00,0,29
static/global.js,16,js,18449dbb,Maria Pardini Osorio,2025-03-13,13:35:28,-04:00,2025-03-13T13:35:28-04:00,0,39
static/global.js,17,js,18449dbb,Maria Pardini Osorio,2025-03-13,13:35:28,-04:00,2025-03-13T13:35:28-04:00,0,40
static/global.js,18,js,18449dbb,Maria Pardini Osorio,2025-03-13,13:35:28,-04:00,2025-03-13T13:35:28-04:00,0,38
static/global.js,19,js,18449dbb,Maria Pardini Osorio,2025-03-13,13:35:28,-04:00,2025-03-13T13:35:28-04:00,0,61
static/global.js,20,js,18449dbb,Maria Pardini Osorio,2025-03-13,13:35:28,-04:00,2025-03-13T13:35:28-04:00,0,3
static/global.js,21,js,18449dbb,Maria Pardini Osorio,2025-03-13,13:35:28,-04:00,2025-03-13T13:35:28-04:00,0,41
static/global.js,22,js,18449dbb,Maria Pardini Osorio,2025-03-13,13:35:28,-04:00,2025-03-13T13:35:28-04:00,0,27
static/global.js,23,js,18449dbb,Maria Pardini Osorio,2025-03-13,13:35:28,-04:00,2025-03-13T13:35:28-04:00,0,0
static/global.js,24,js,18449dbb,Maria Pardini Osorio,2025-03-13,13:35:28,-04:00,2025-03-13T13:35:28-04:00,0,23
static/global.js,25,js,18449dbb,Maria Pardini Osorio,2025-03-13,13:35:28,-04:00,2025-03-13T13:35:28-04:00,0,18
static/global.js,26,js,18449dbb,Maria Pardini Osorio,2025-03-13,13:35:28,-04:00,2025-03-13T13:35:28-04:00,0,22
static/global.js,27,js,18449dbb,Maria Pardini Osorio,2025-03-13,13:35:28,-04:00,2025-03-13T13:35:28-04:00,0,0
static/global.js,28,js,18449dbb,Maria Pardini Osorio,2025-03-13,13:35:28,-04:00,2025-03-13T13:35:28-04:00,0,38
static/global.js,29,js,18449dbb,Maria Pardini Osorio,2025-03-13,13:35:28,-04:00,2025-03-13T13:35:28-04:00,0,14
static/global.js,30,js,18449dbb,Maria Pardini Osorio,2025-03-13,13:35:28,-04:00,2025-03-13T13:35:28-04:00,0,23
static/global.js,31,js,18449dbb,Maria Pardini Osorio,2025-03-13,13:35:28,-04:00,2025-03-13T13:35:28-04:00,0,14
static/global.js,32,js,18449dbb,Maria Pardini Osorio,2025-03-13,13:35:28,-04:00,2025-03-13T13:35:28-04:00,0,2
static/global.js,33,js,a462c6a2,Maria Pardini Osorio,2025-03-06,05:46:45,-05:00,2025-03-06T05:46:45-05:00,0,0
static/global.js,34,js,18449dbb,Maria Pardini Osorio,2025-03-13,13:35:28,-04:00,2025-03-13T13:35:28-04:00,0,68
static/global.js,35,js,18449dbb,Maria Pardini Osorio,2025-03-13,13:35:28,-04:00,2025-03-13T13:35:28-04:00,0,32
static/global.js,36,js,18449dbb,Maria Pardini Osorio,2025-03-13,13:35:28,-04:00,2025-03-13T13:35:28-04:00,0,2
static/global.js,37,js,a462c6a2,Maria Pardini Osorio,2025-03-06,05:46:45,-05:00,2025-03-06T05:46:45-05:00,0,0
static/global.js,38,js,18449dbb,Maria Pardini Osorio,2025-03-13,13:35:28,-04:00,2025-03-13T13:35:28-04:00,0,32
static/global.js,39,js,18449dbb,Maria Pardini Osorio,2025-03-13,13:35:28,-04:00,2025-03-13T13:35:28-04:00,0,25
static/global.js,40,js,18449dbb,Maria Pardini Osorio,2025-03-13,13:35:28,-04:00,2025-03-13T13:35:28-04:00,0,2
static/global.js,41,js,a462c6a2,Maria Pardini Osorio,2025-03-06,05:46:45,-05:00,2025-03-06T05:46:45-05:00,0,0
static/global.js,42,js,18449dbb,Maria Pardini Osorio,2025-03-13,13:35:28,-04:00,2025-03-13T13:35:28-04:00,0,49
static/global.js,43,js,18449dbb,Maria Pardini Osorio,2025-03-13,13:35:28,-04:00,2025-03-13T13:35:28-04:00,0,30
static/global.js,44,js,18449dbb,Maria Pardini Osorio,2025-03-13,13:35:28,-04:00,2025-03-13T13:35:28-04:00,0,9
static/global.js,45,js,18449dbb,Maria Pardini Osorio,2025-03-13,13:35:28,-04:00,2025-03-13T13:35:28-04:00,0,11
static/global.js,46,js,18449dbb,Maria Pardini Osorio,2025-03-13,13:35:28,-04:00,2025-03-13T13:35:28-04:00,0,44
static/global.js,47,js,18449dbb,Maria Pardini Osorio,2025-03-13,13:35:28,-04:00,2025-03-13T13:35:28-04:00,0,47
static/global.js,48,js,18449dbb,Maria Pardini Osorio,2025-03-13,13:35:28,-04:00,2025-03-13T13:35:28-04:00,0,49
static/global.js,49,js,18449dbb,Maria Pardini Osorio,2025-03-13,13:35:28,-04:00,2025-03-13T13:35:28-04:00,0,12
static/global.js,50,js,18449dbb,Maria Pardini Osorio,2025-03-13,13:35:28,-04:00,2025-03-13T13:35:28-04:00,0,11
static/global.js,51,js,18449dbb,Maria Pardini Osorio,2025-03-13,13:35:28,-04:00,2025-03-13T13:35:28-04:00,0,2
static/global.js,52,js,a462c6a2,Maria Pardini Osorio,2025-03-06,05:46:45,-05:00,2025-03-06T05:46:45-05:00,0,0
static/global.js,53,js,f53e3543,Maria Pardini Osorio,2025-03-20,19:17:32,-04:00,2025-03-20T19:17:32-04:00,0,47
static/global.js,54,js,f53e3543,Maria Pardini Osorio,2025-03-20,19:17:32,-04:00,2025-03-20T19:17:32-04:00,0,0
static/global.js,55,js,f53e3543,Maria Pardini Osorio,2025-03-20,19:17:32,-04:00,2025-03-20T19:17:32-04:00,0,52
static/global.js,56,js,f53e3543,Maria Pardini Osorio,2025-03-20,19:17:32,-04:00,2025-03-20T19:17:32-04:00,0,61
static/global.js,57,js,f53e3543,Maria Pardini Osorio,2025-03-20,19:17:32,-04:00,2025-03-20T19:17:32-04:00,0,84
static/global.js,58,js,f53e3543,Maria Pardini Osorio,2025-03-20,19:17:32,-04:00,2025-03-20T19:17:32-04:00,0,51
static/global.js,59,js,f53e3543,Maria Pardini Osorio,2025-03-20,19:17:32,-04:00,2025-03-20T19:17:32-04:00,0,4
static/global.js,60,js,f53e3543,Maria Pardini Osorio,2025-03-20,19:17:32,-04:00,2025-03-20T19:17:32-04:00,0,0
static/global.js,61,js,f53e3543,Maria Pardini Osorio,2025-03-20,19:17:32,-04:00,2025-03-20T19:17:32-04:00,0,37
static/global.js,62,js,f53e3543,Maria Pardini Osorio,2025-03-20,19:17:32,-04:00,2025-03-20T19:17:32-04:00,0,51
static/global.js,63,js,f53e3543,Maria Pardini Osorio,2025-03-20,19:17:32,-04:00,2025-03-20T19:17:32-04:00,0,90
static/global.js,64,js,f53e3543,Maria Pardini Osorio,2025-03-20,19:17:32,-04:00,2025-03-20T19:17:32-04:00,0,45
static/global.js,65,js,f53e3543,Maria Pardini Osorio,2025-03-20,19:17:32,-04:00,2025-03-20T19:17:32-04:00,0,2
static/global.js,66,js,a462c6a2,Maria Pardini Osorio,2025-03-06,05:46:45,-05:00,2025-03-06T05:46:45-05:00,0,0
static/global.js,67,js,a462c6a2,Maria Pardini Osorio,2025-03-06,05:46:45,-05:00,2025-03-06T05:46:45-05:00,0,18
static/global.js,68,js,a462c6a2,Maria Pardini Osorio,2025-03-06,05:46:45,-05:00,2025-03-06T05:46:45-05:00,0,156
static/global.js,69,js,a462c6a2,Maria Pardini Osorio,2025-03-06,05:46:45,-05:00,2025-03-06T05:46:45-05:00,0,0
static/global.js,70,js,a462c6a2,Maria Pardini Osorio,2025-03-06,05:46:45,-05:00,2025-03-06T05:46:45-05:00,0,148
static/global.js,71,js,a462c6a2,Maria Pardini Osorio,2025-03-06,05:46:45,-05:00,2025-03-06T05:46:45-05:00,0,0
static/global.js,72,js,a462c6a2,Maria Pardini Osorio,2025-03-06,05:46:45,-05:00,2025-03-06T05:46:45-05:00,0,50
static/global.js,73,js,a462c6a2,Maria Pardini Osorio,2025-03-06,05:46:45,-05:00,2025-03-06T05:46:45-05:00,0,43
static/global.js,74,js,a462c6a2,Maria Pardini Osorio,2025-03-06,05:46:45,-05:00,2025-03-06T05:46:45-05:00,0,0
static/global.js,75,js,a462c6a2,Maria Pardini Osorio,2025-03-06,05:46:45,-05:00,2025-03-06T05:46:45-05:00,0,84
static/global.js,76,js,a462c6a2,Maria Pardini Osorio,2025-03-06,05:46:45,-05:00,2025-03-06T05:46:45-05:00,0,28
static/global.js,77,js,a462c6a2,Maria Pardini Osorio,2025-03-06,05:46:45,-05:00,2025-03-06T05:46:45-05:00,0,35
static/global.js,78,js,a462c6a2,Maria Pardini Osorio,2025-03-06,05:46:45,-05:00,2025-03-06T05:46:45-05:00,0,0
static/global.js,79,js,00000000,Not Committed Yet,2025-04-03,12:37:45,-04:00,2025-04-03T12:37:45-04:00,0,29
static/global.js,80,js,00000000,Not Committed Yet,2025-04-03,12:37:45,-04:00,2025-04-03T12:37:45-04:00,0,34
static/global.js,81,js,00000000,Not Committed Yet,2025-04-03,12:37:45,-04:00,2025-04-03T12:37:45-04:00,0,38
static/global.js,82,js,00000000,Not Committed Yet,2025-04-03,12:37:45,-04:00,2025-04-03T12:37:45-04:00,0,30
static/global.js,83,js,00000000,Not Committed Yet,2025-04-03,12:37:45,-04:00,2025-04-03T12:37:45-04:00,0,2
static/global.js,84,js,a462c6a2,Maria Pardini Osorio,2025-03-06,05:46:45,-05:00,2025-03-06T05:46:45-05:00,0,0
static/global.js,85,js,00000000,Not Committed Yet,2025-04-03,12:37:45,-04:00,2025-04-03T12:37:45-04:00,0,21
static/global.js,86,js,a462c6a2,Maria Pardini Osorio,2025-03-06,05:46:45,-05:00,2025-03-06T05:46:45-05:00,0,3
src/app.html,1,html,00000000,Not Committed Yet,2025-04-03,12:37:45,-04:00,2025-04-03T12:37:45-04:00,0,13
src/app.html,2,html,e48608e,Maria Pardini Osorio,2025-03-06,05:17:09,-05:00,2025-03-06T05:17:09-05:00,0,14
src/app.html,3,html,00000000,Not Committed Yet,2025-04-03,12:37:45,-04:00,2025-04-03T12:37:45-04:00,1,4
src/app.html,4,html,00000000,Not Committed Yet,2025-04-03,12:37:45,-04:00,2025-04-03T12:37:45-04:00,2,22
src/app.html,5,html,00000000,Not Committed Yet,2025-04-03,12:37:45,-04:00,2025-04-03T12:37:45-04:00,2,59
src/app.html,6,html,00000000,Not Committed Yet,2025-04-03,12:37:45,-04:00,2025-04-03T12:37:45-04:00,2,64
src/app.html,7,html,00000000,Not Committed Yet,2025-04-03,12:37:45,-04:00,2025-04-03T12:37:45-04:00,2,22
src/app.html,8,html,00000000,Not Committed Yet,2025-04-03,12:37:45,-04:00,2025-04-03T12:37:45-04:00,2,55
src/app.html,9,html,00000000,Not Committed Yet,2025-04-03,12:37:45,-04:00,2025-04-03T12:37:45-04:00,2,51
src/app.html,10,html,00000000,Not Committed Yet,2025-04-03,12:37:45,-04:00,2025-04-03T12:37:45-04:00,2,14
src/app.html,11,html,00000000,Not Committed Yet,2025-04-03,12:37:45,-04:00,2025-04-03T12:37:45-04:00,1,5
src/app.html,12,html,00000000,Not Committed Yet,2025-04-03,12:37:45,-04:00,2025-04-03T12:37:45-04:00,1,40
src/app.html,13,html,00000000,Not Committed Yet,2025-04-03,12:37:45,-04:00,2025-04-03T12:37:45-04:00,2,51
src/app.html,14,html,00000000,Not Committed Yet,2025-04-03,12:37:45,-04:00,2025-04-03T12:37:45-04:00,1,5
src/app.html,15,html,e48608e,Maria Pardini Osorio,2025-03-06,05:17:09,-05:00,2025-03-06T05:17:09-05:00,0,5
src/routes/+page.svelte,1,svelte,17a60959,Maria Pardini Osorio,2025-03-06,10:08:08,-05:00,2025-03-06T10:08:08-05:00,0,6
src/routes/+page.svelte,2,js,6bae0a5e,Maria Pardini Osorio,2025-03-13,15:00:41,-04:00,2025-03-13T15:00:41-04:00,2,65
src/routes/+page.svelte,3,js,17a60959,Maria Pardini Osorio,2025-03-06,10:08:08,-05:00,2025-03-06T10:08:08-05:00,2,40
src/routes/+page.svelte,4,js,17a60959,Maria Pardini Osorio,2025-03-06,10:08:08,-05:00,2025-03-06T10:08:08-05:00,2,40
src/routes/+page.svelte,5,svelte,151adf10,Maria Pardini Osorio,2025-03-06,10:36:34,-05:00,2025-03-06T10:36:34-05:00,0,7
src/routes/+page.svelte,6,svelte,17a60959,Maria Pardini Osorio,2025-03-06,10:08:08,-05:00,2025-03-06T10:08:08-05:00,0,0
src/routes/+page.svelte,7,svelte,a462c6a2,Maria Pardini Osorio,2025-03-06,05:46:45,-05:00,2025-03-06T05:46:45-05:00,0,17
src/routes/+page.svelte,8,svelte,a462c6a2,Maria Pardini Osorio,2025-03-06,05:46:45,-05:00,2025-03-06T05:46:45-05:00,0,0
src/routes/+page.svelte,9,svelte,a462c6a2,Maria Pardini Osorio,2025-03-06,05:46:45,-05:00,2025-03-06T05:46:45-05:00,0,11
src/routes/+page.svelte,10,svelte,a462c6a2,Maria Pardini Osorio,2025-03-06,05:46:45,-05:00,2025-03-06T05:46:45-05:00,1,21
src/routes/+page.svelte,11,svelte,a462c6a2,Maria Pardini Osorio,2025-03-06,05:46:45,-05:00,2025-03-06T05:46:45-05:00,0,12
src/routes/+page.svelte,12,svelte,a462c6a2,Maria Pardini Osorio,2025-03-06,05:46:45,-05:00,2025-03-06T05:46:45-05:00,1,0
src/routes/+page.svelte,13,svelte,a462c6a2,Maria Pardini Osorio,2025-03-06,05:46:45,-05:00,2025-03-06T05:46:45-05:00,0,727
src/routes/+page.svelte,14,svelte,17a60959,Maria Pardini Osorio,2025-03-06,10:08:08,-05:00,2025-03-06T10:08:08-05:00,0,0
src/routes/+page.svelte,15,svelte,f53e3543,Maria Pardini Osorio,2025-03-20,19:17:32,-04:00,2025-03-20T19:17:32-04:00,0,58
src/routes/+page.svelte,16,svelte,6bae0a5e,Maria Pardini Osorio,2025-03-13,15:00:41,-04:00,2025-03-13T15:00:41-04:00,0,0
src/routes/+page.svelte,17,svelte,6bae0a5e,Maria Pardini Osorio,2025-03-13,15:00:41,-04:00,2025-03-13T15:00:41-04:00,0,55
src/routes/+page.svelte,18,svelte,6bae0a5e,Maria Pardini Osorio,2025-03-13,15:00:41,-04:00,2025-03-13T15:00:41-04:00,1,15
src/routes/+page.svelte,19,svelte,6bae0a5e,Maria Pardini Osorio,2025-03-13,15:00:41,-04:00,2025-03-13T15:00:41-04:00,0,14
src/routes/+page.svelte,20,svelte,6bae0a5e,Maria Pardini Osorio,2025-03-13,15:00:41,-04:00,2025-03-13T15:00:41-04:00,1,22
src/routes/+page.svelte,21,svelte,6bae0a5e,Maria Pardini Osorio,2025-03-13,15:00:41,-04:00,2025-03-13T15:00:41-04:00,2,16
src/routes/+page.svelte,22,svelte,6bae0a5e,Maria Pardini Osorio,2025-03-13,15:00:41,-04:00,2025-03-13T15:00:41-04:00,1,10
src/routes/+page.svelte,23,svelte,6bae0a5e,Maria Pardini Osorio,2025-03-13,15:00:41,-04:00,2025-03-13T15:00:41-04:00,2,7
src/routes/+page.svelte,24,svelte,6bae0a5e,Maria Pardini Osorio,2025-03-13,15:00:41,-04:00,2025-03-13T15:00:41-04:00,3,22
src/routes/+page.svelte,25,svelte,6bae0a5e,Maria Pardini Osorio,2025-03-13,15:00:41,-04:00,2025-03-13T15:00:41-04:00,3,2
src/routes/+page.svelte,26,svelte,6bae0a5e,Maria Pardini Osorio,2025-03-13,15:00:41,-04:00,2025-03-13T15:00:41-04:00,4,17
src/routes/+page.svelte,27,svelte,6bae0a5e,Maria Pardini Osorio,2025-03-13,15:00:41,-04:00,2025-03-13T15:00:41-04:00,4,23
src/routes/+page.svelte,28,svelte,6bae0a5e,Maria Pardini Osorio,2025-03-13,15:00:41,-04:00,2025-03-13T15:00:41-04:00,4,17
src/routes/+page.svelte,29,svelte,6bae0a5e,Maria Pardini Osorio,2025-03-13,15:00:41,-04:00,2025-03-13T15:00:41-04:00,4,23
src/routes/+page.svelte,30,svelte,6bae0a5e,Maria Pardini Osorio,2025-03-13,15:00:41,-04:00,2025-03-13T15:00:41-04:00,4,27
src/routes/+page.svelte,31,svelte,6bae0a5e,Maria Pardini Osorio,2025-03-13,15:00:41,-04:00,2025-03-13T15:00:41-04:00,4,26
src/routes/+page.svelte,32,svelte,6bae0a5e,Maria Pardini Osorio,2025-03-13,15:00:41,-04:00,2025-03-13T15:00:41-04:00,3,3
src/routes/+page.svelte,33,svelte,6bae0a5e,Maria Pardini Osorio,2025-03-13,15:00:41,-04:00,2025-03-13T15:00:41-04:00,2,8
src/routes/+page.svelte,34,svelte,6bae0a5e,Maria Pardini Osorio,2025-03-13,15:00:41,-04:00,2025-03-13T15:00:41-04:00,1,12
src/routes/+page.svelte,35,svelte,6bae0a5e,Maria Pardini Osorio,2025-03-13,15:00:41,-04:00,2025-03-13T15:00:41-04:00,2,56
src/routes/+page.svelte,36,svelte,6bae0a5e,Maria Pardini Osorio,2025-03-13,15:00:41,-04:00,2025-03-13T15:00:41-04:00,1,6
src/routes/+page.svelte,37,svelte,6bae0a5e,Maria Pardini Osorio,2025-03-13,15:00:41,-04:00,2025-03-13T15:00:41-04:00,0,12
src/routes/+page.svelte,38,svelte,6bae0a5e,Maria Pardini Osorio,2025-03-13,15:00:41,-04:00,2025-03-13T15:00:41-04:00,1,56
src/routes/+page.svelte,39,svelte,6bae0a5e,Maria Pardini Osorio,2025-03-13,15:00:41,-04:00,2025-03-13T15:00:41-04:00,0,6
src/routes/+page.svelte,40,svelte,6bae0a5e,Maria Pardini Osorio,2025-03-13,15:00:41,-04:00,2025-03-13T15:00:41-04:00,0,0
src/routes/+page.svelte,41,svelte,17a60959,Maria Pardini Osorio,2025-03-06,10:08:08,-05:00,2025-03-06T10:08:08-05:00,0,0
src/routes/+page.svelte,42,svelte,151adf10,Maria Pardini Osorio,2025-03-06,10:36:34,-05:00,2025-03-06T10:36:34-05:00,0,0
src/routes/+page.svelte,43,svelte,18449dbb,Maria Pardini Osorio,2025-03-13,13:35:28,-04:00,2025-03-13T13:35:28-04:00,0,2
src/routes/+page.svelte,44,svelte,151adf10,Maria Pardini Osorio,2025-03-06,10:36:34,-05:00,2025-03-06T10:36:34-05:00,2,13
src/routes/+page.svelte,45,svelte,18449dbb,Maria Pardini Osorio,2025-03-13,13:35:28,-04:00,2025-03-13T13:35:28-04:00,0,3
src/routes/+page.svelte,46,svelte,17a60959,Maria Pardini Osorio,2025-03-06,10:08:08,-05:00,2025-03-06T10:08:08-05:00,0,0
src/routes/+page.svelte,47,svelte,17a60959,Maria Pardini Osorio,2025-03-06,10:08:08,-05:00,2025-03-06T10:08:08-05:00,0,20
src/routes/+page.svelte,48,svelte,151adf10,Maria Pardini Osorio,2025-03-06,10:36:34,-05:00,2025-03-06T10:36:34-05:00,2,30
src/routes/+page.svelte,49,svelte,151adf10,Maria Pardini Osorio,2025-03-06,10:36:34,-05:00,2025-03-06T10:36:34-05:00,4,28
src/routes/+page.svelte,50,svelte,17a60959,Maria Pardini Osorio,2025-03-06,10:08:08,-05:00,2025-03-06T10:08:08-05:00,2,5
src/routes/+page.svelte,51,svelte,6bae0a5e,Maria Pardini Osorio,2025-03-13,15:00:41,-04:00,2025-03-13T15:00:41-04:00,0,4
src/routes/+page.svelte,52,svelte,6bae0a5e,Maria Pardini Osorio,2025-03-13,15:00:41,-04:00,2025-03-13T15:00:41-04:00,0,0
src/routes/+page.svelte,53,svelte,6bae0a5e,Maria Pardini Osorio,2025-03-13,15:00:41,-04:00,2025-03-13T15:00:41-04:00,0,5
src/routes/+page.svelte,54,css,6bae0a5e,Maria Pardini Osorio,2025-03-13,15:00:41,-04:00,2025-03-13T15:00:41-04:00,2,2
src/routes/+page.svelte,55,css,6bae0a5e,Maria Pardini Osorio,2025-03-13,15:00:41,-04:00,2025-03-13T15:00:41-04:00,3,12
src/routes/+page.svelte,56,css,6bae0a5e,Maria Pardini Osorio,2025-03-13,15:00:41,-04:00,2025-03-13T15:00:41-04:00,3,36
src/routes/+page.svelte,57,css,6bae0a5e,Maria Pardini Osorio,2025-03-13,15:00:41,-04:00,2025-03-13T15:00:41-04:00,3,8
src/routes/+page.svelte,58,css,6bae0a5e,Maria Pardini Osorio,2025-03-13,15:00:41,-04:00,2025-03-13T15:00:41-04:00,3,17
src/routes/+page.svelte,59,css,6bae0a5e,Maria Pardini Osorio,2025-03-13,15:00:41,-04:00,2025-03-13T15:00:41-04:00,2,0
src/routes/+page.svelte,60,css,6bae0a5e,Maria Pardini Osorio,2025-03-13,15:00:41,-04:00,2025-03-13T15:00:41-04:00,2,0
src/routes/+page.svelte,61,css,f53e3543,Maria Pardini Osorio,2025-03-20,19:17:32,-04:00,2025-03-20T19:17:32-04:00,2,77
src/routes/+page.svelte,62,css,6bae0a5e,Maria Pardini Osorio,2025-03-13,15:00:41,-04:00,2025-03-13T15:00:41-04:00,2,2
src/routes/+page.svelte,63,css,6bae0a5e,Maria Pardini Osorio,2025-03-13,15:00:41,-04:00,2025-03-13T15:00:41-04:00,3,10
src/routes/+page.svelte,64,css,6bae0a5e,Maria Pardini Osorio,2025-03-13,15:00:41,-04:00,2025-03-13T15:00:41-04:00,3,16
src/routes/+page.svelte,65,css,6bae0a5e,Maria Pardini Osorio,2025-03-13,15:00:41,-04:00,2025-03-13T15:00:41-04:00,2,0
src/routes/+page.svelte,66,css,6bae0a5e,Maria Pardini Osorio,2025-03-13,15:00:41,-04:00,2025-03-13T15:00:41-04:00,2,2
src/routes/+page.svelte,67,css,6bae0a5e,Maria Pardini Osorio,2025-03-13,15:00:41,-04:00,2025-03-13T15:00:41-04:00,3,10
src/routes/+page.svelte,68,css,6bae0a5e,Maria Pardini Osorio,2025-03-13,15:00:41,-04:00,2025-03-13T15:00:41-04:00,3,8
src/routes/+page.svelte,69,css,6bae0a5e,Maria Pardini Osorio,2025-03-13,15:00:41,-04:00,2025-03-13T15:00:41-04:00,2,0
src/routes/+page.svelte,70,css,6bae0a5e,Maria Pardini Osorio,2025-03-13,15:00:41,-04:00,2025-03-13T15:00:41-04:00,1,0
src/routes/+page.svelte,71,css,f53e3543,Maria Pardini Osorio,2025-03-20,19:17:32,-04:00,2025-03-20T19:17:32-04:00,2,31
src/routes/+page.svelte,72,css,6bae0a5e,Maria Pardini Osorio,2025-03-13,15:00:41,-04:00,2025-03-13T15:00:41-04:00,2,2
src/routes/+page.svelte,73,css,6bae0a5e,Maria Pardini Osorio,2025-03-13,15:00:41,-04:00,2025-03-13T15:00:41-04:00,3,14
src/routes/+page.svelte,74,css,6bae0a5e,Maria Pardini Osorio,2025-03-13,15:00:41,-04:00,2025-03-13T15:00:41-04:00,3,18
src/routes/+page.svelte,75,css,6bae0a5e,Maria Pardini Osorio,2025-03-13,15:00:41,-04:00,2025-03-13T15:00:41-04:00,2,0
src/routes/+page.svelte,76,css,6bae0a5e,Maria Pardini Osorio,2025-03-13,15:00:41,-04:00,2025-03-13T15:00:41-04:00,2,1
src/routes/+page.svelte,77,css,6bae0a5e,Maria Pardini Osorio,2025-03-13,15:00:41,-04:00,2025-03-13T15:00:41-04:00,3,15
src/routes/+page.svelte,78,css,6bae0a5e,Maria Pardini Osorio,2025-03-13,15:00:41,-04:00,2025-03-13T15:00:41-04:00,3,18
src/routes/+page.svelte,79,css,6bae0a5e,Maria Pardini Osorio,2025-03-13,15:00:41,-04:00,2025-03-13T15:00:41-04:00,2,0
src/routes/+page.svelte,80,css,6bae0a5e,Maria Pardini Osorio,2025-03-13,15:00:41,-04:00,2025-03-13T15:00:41-04:00,2,3
src/routes/+page.svelte,81,css,6bae0a5e,Maria Pardini Osorio,2025-03-13,15:00:41,-04:00,2025-03-13T15:00:41-04:00,3,14
src/routes/+page.svelte,82,css,6bae0a5e,Maria Pardini Osorio,2025-03-13,15:00:41,-04:00,2025-03-13T15:00:41-04:00,3,11
src/routes/+page.svelte,83,css,6bae0a5e,Maria Pardini Osorio,2025-03-13,15:00:41,-04:00,2025-03-13T15:00:41-04:00,3,17
src/routes/+page.svelte,84,css,6bae0a5e,Maria Pardini Osorio,2025-03-13,15:00:41,-04:00,2025-03-13T15:00:41-04:00,3,13
src/routes/+page.svelte,85,css,6bae0a5e,Maria Pardini Osorio,2025-03-13,15:00:41,-04:00,2025-03-13T15:00:41-04:00,2,0
src/routes/+page.svelte,86,css,6bae0a5e,Maria Pardini Osorio,2025-03-13,15:00:41,-04:00,2025-03-13T15:00:41-04:00,2,9
src/routes/+page.svelte,87,css,6bae0a5e,Maria Pardini Osorio,2025-03-13,15:00:41,-04:00,2025-03-13T15:00:41-04:00,3,12
src/routes/+page.svelte,88,css,6bae0a5e,Maria Pardini Osorio,2025-03-13,15:00:41,-04:00,2025-03-13T15:00:41-04:00,3,57
src/routes/+page.svelte,89,css,6bae0a5e,Maria Pardini Osorio,2025-03-13,15:00:41,-04:00,2025-03-13T15:00:41-04:00,3,7
src/routes/+page.svelte,90,css,6bae0a5e,Maria Pardini Osorio,2025-03-13,15:00:41,-04:00,2025-03-13T15:00:41-04:00,3,15
src/routes/+page.svelte,91,css,6bae0a5e,Maria Pardini Osorio,2025-03-13,15:00:41,-04:00,2025-03-13T15:00:41-04:00,2,0
src/routes/+page.svelte,92,svelte,6bae0a5e,Maria Pardini Osorio,2025-03-13,15:00:41,-04:00,2025-03-13T15:00:41-04:00,1,6
src/routes/+layout.svelte,1,svelte,18449dbb,Maria Pardini Osorio,2025-03-13,13:35:28,-04:00,2025-03-13T13:35:28-04:00,0,0
src/routes/+layout.svelte,2,svelte,18449dbb,Maria Pardini Osorio,2025-03-13,13:35:28,-04:00,2025-03-13T13:35:28-04:00,0,0
src/routes/+layout.svelte,3,svelte,18449dbb,Maria Pardini Osorio,2025-03-13,13:35:28,-04:00,2025-03-13T13:35:28-04:00,0,6
src/routes/+layout.svelte,4,js,6bae0a5e,Maria Pardini Osorio,2025-03-13,15:00:41,-04:00,2025-03-13T15:00:41-04:00,0,39
src/routes/+layout.svelte,5,js,18449dbb,Maria Pardini Osorio,2025-03-13,13:35:28,-04:00,2025-03-13T13:35:28-04:00,0,47
src/routes/+layout.svelte,6,js,18449dbb,Maria Pardini Osorio,2025-03-13,13:35:28,-04:00,2025-03-13T13:35:28-04:00,0,47
src/routes/+layout.svelte,7,js,18449dbb,Maria Pardini Osorio,2025-03-13,13:35:28,-04:00,2025-03-13T13:35:28-04:00,0,54
src/routes/+layout.svelte,8,js,6bae0a5e,Maria Pardini Osorio,2025-03-13,15:00:41,-04:00,2025-03-13T15:00:41-04:00,0,57
src/routes/+layout.svelte,9,js,18449dbb,Maria Pardini Osorio,2025-03-13,13:35:28,-04:00,2025-03-13T13:35:28-04:00,0,0
src/routes/+layout.svelte,10,js,18449dbb,Maria Pardini Osorio,2025-03-13,13:35:28,-04:00,2025-03-13T13:35:28-04:00,0,0
src/routes/+layout.svelte,11,js,18449dbb,Maria Pardini Osorio,2025-03-13,13:35:28,-04:00,2025-03-13T13:35:28-04:00,0,0
src/routes/+layout.svelte,12,js,18449dbb,Maria Pardini Osorio,2025-03-13,13:35:28,-04:00,2025-03-13T13:35:28-04:00,0,33
src/routes/+layout.svelte,13,js,18449dbb,Maria Pardini Osorio,2025-03-13,13:35:28,-04:00,2025-03-13T13:35:28-04:00,0,0
src/routes/+layout.svelte,14,js,18449dbb,Maria Pardini Osorio,2025-03-13,13:35:28,-04:00,2025-03-13T13:35:28-04:00,0,11
src/routes/+layout.svelte,15,js,18449dbb,Maria Pardini Osorio,2025-03-13,13:35:28,-04:00,2025-03-13T13:35:28-04:00,1,27
src/routes/+layout.svelte,16,js,18449dbb,Maria Pardini Osorio,2025-03-13,13:35:28,-04:00,2025-03-13T13:35:28-04:00,1,39
src/routes/+layout.svelte,17,js,18449dbb,Maria Pardini Osorio,2025-03-13,13:35:28,-04:00,2025-03-13T13:35:28-04:00,1,37
src/routes/+layout.svelte,18,js,18449dbb,Maria Pardini Osorio,2025-03-13,13:35:28,-04:00,2025-03-13T13:35:28-04:00,1,35
src/routes/+layout.svelte,19,js,bb29960c,Maria Pardini Osorio,2025-03-20,20:54:02,-04:00,2025-03-20T20:54:02-04:00,1,31
src/routes/+layout.svelte,20,js,18449dbb,Maria Pardini Osorio,2025-03-13,13:35:28,-04:00,2025-03-13T13:35:28-04:00,1,55
src/routes/+layout.svelte,21,js,18449dbb,Maria Pardini Osorio,2025-03-13,13:35:28,-04:00,2025-03-13T13:35:28-04:00,1,0
src/routes/+layout.svelte,22,js,18449dbb,Maria Pardini Osorio,2025-03-13,13:35:28,-04:00,2025-03-13T13:35:28-04:00,0,0
src/routes/+layout.svelte,23,js,18449dbb,Maria Pardini Osorio,2025-03-13,13:35:28,-04:00,2025-03-13T13:35:28-04:00,1,0
src/routes/+layout.svelte,24,svelte,18449dbb,Maria Pardini Osorio,2025-03-13,13:35:28,-04:00,2025-03-13T13:35:28-04:00,0,7
src/routes/+layout.svelte,25,svelte,18449dbb,Maria Pardini Osorio,2025-03-13,13:35:28,-04:00,2025-03-13T13:35:28-04:00,0,0
src/routes/+layout.svelte,26,svelte,18449dbb,Maria Pardini Osorio,2025-03-13,13:35:28,-04:00,2025-03-13T13:35:28-04:00,0,0
src/routes/+layout.svelte,27,svelte,18449dbb,Maria Pardini Osorio,2025-03-13,13:35:28,-04:00,2025-03-13T13:35:28-04:00,0,3
src/routes/+layout.svelte,28,svelte,18449dbb,Maria Pardini Osorio,2025-03-13,13:35:28,-04:00,2025-03-13T13:35:28-04:00,2,16
src/routes/+layout.svelte,29,svelte,18449dbb,Maria Pardini Osorio,2025-03-13,13:35:28,-04:00,2025-03-13T13:35:28-04:00,2,0
src/routes/+layout.svelte,30,svelte,18449dbb,Maria Pardini Osorio,2025-03-13,13:35:28,-04:00,2025-03-13T13:35:28-04:00,2,10
src/routes/+layout.svelte,31,svelte,18449dbb,Maria Pardini Osorio,2025-03-13,13:35:28,-04:00,2025-03-13T13:35:28-04:00,2,44
src/routes/+layout.svelte,32,svelte,18449dbb,Maria Pardini Osorio,2025-03-13,13:35:28,-04:00,2025-03-13T13:35:28-04:00,2,49
src/routes/+layout.svelte,33,svelte,18449dbb,Maria Pardini Osorio,2025-03-13,13:35:28,-04:00,2025-03-13T13:35:28-04:00,1,0
src/routes/+layout.svelte,34,svelte,18449dbb,Maria Pardini Osorio,2025-03-13,13:35:28,-04:00,2025-03-13T13:35:28-04:00,2,7
src/routes/+layout.svelte,35,svelte,18449dbb,Maria Pardini Osorio,2025-03-13,13:35:28,-04:00,2025-03-13T13:35:28-04:00,1,2
src/routes/+layout.svelte,36,svelte,18449dbb,Maria Pardini Osorio,2025-03-13,13:35:28,-04:00,2025-03-13T13:35:28-04:00,1,0
src/routes/+layout.svelte,37,svelte,18449dbb,Maria Pardini Osorio,2025-03-13,13:35:28,-04:00,2025-03-13T13:35:28-04:00,2,5
src/routes/+layout.svelte,38,svelte,18449dbb,Maria Pardini Osorio,2025-03-13,13:35:28,-04:00,2025-03-13T13:35:28-04:00,1,4
src/routes/+layout.svelte,39,svelte,18449dbb,Maria Pardini Osorio,2025-03-13,13:35:28,-04:00,2025-03-13T13:35:28-04:00,0,0
src/routes/+layout.svelte,40,svelte,18449dbb,Maria Pardini Osorio,2025-03-13,13:35:28,-04:00,2025-03-13T13:35:28-04:00,1,49
src/routes/+layout.svelte,41,svelte,18449dbb,Maria Pardini Osorio,2025-03-13,13:35:28,-04:00,2025-03-13T13:35:28-04:00,1,0
src/routes/+layout.svelte,42,svelte,18449dbb,Maria Pardini Osorio,2025-03-13,13:35:28,-04:00,2025-03-13T13:35:28-04:00,1,26
src/routes/+layout.svelte,43,svelte,18449dbb,Maria Pardini Osorio,2025-03-13,13:35:28,-04:00,2025-03-13T13:35:28-04:00,2,4
src/routes/+layout.svelte,44,svelte,18449dbb,Maria Pardini Osorio,2025-03-13,13:35:28,-04:00,2025-03-13T13:35:28-04:00,2,33
src/routes/+layout.svelte,45,svelte,18449dbb,Maria Pardini Osorio,2025-03-13,13:35:28,-04:00,2025-03-13T13:35:28-04:00,0,0
src/routes/+layout.svelte,46,svelte,18449dbb,Maria Pardini Osorio,2025-03-13,13:35:28,-04:00,2025-03-13T13:35:28-04:00,4,38
src/routes/+layout.svelte,47,svelte,18449dbb,Maria Pardini Osorio,2025-03-13,13:35:28,-04:00,2025-03-13T13:35:28-04:00,4,32
src/routes/+layout.svelte,48,svelte,18449dbb,Maria Pardini Osorio,2025-03-13,13:35:28,-04:00,2025-03-13T13:35:28-04:00,4,34
src/routes/+layout.svelte,49,svelte,18449dbb,Maria Pardini Osorio,2025-03-13,13:35:28,-04:00,2025-03-13T13:35:28-04:00,2,7
src/routes/+layout.svelte,50,svelte,18449dbb,Maria Pardini Osorio,2025-03-13,13:35:28,-04:00,2025-03-13T13:35:28-04:00,0,6
src/routes/+layout.svelte,51,svelte,18449dbb,Maria Pardini Osorio,2025-03-13,13:35:28,-04:00,2025-03-13T13:35:28-04:00,0,0
src/routes/+layout.svelte,52,svelte,18449dbb,Maria Pardini Osorio,2025-03-13,13:35:28,-04:00,2025-03-13T13:35:28-04:00,1,6
src/routes/+layout.svelte,53,svelte,18449dbb,Maria Pardini Osorio,2025-03-13,13:35:28,-04:00,2025-03-13T13:35:28-04:00,0,0
src/routes/+layout.svelte,54,svelte,18449dbb,Maria Pardini Osorio,2025-03-13,13:35:28,-04:00,2025-03-13T13:35:28-04:00,1,5
src/routes/+layout.svelte,55,css,18449dbb,Maria Pardini Osorio,2025-03-13,13:35:28,-04:00,2025-03-13T13:35:28-04:00,1,0
src/routes/+layout.svelte,56,css,18449dbb,Maria Pardini Osorio,2025-03-13,13:35:28,-04:00,2025-03-13T13:35:28-04:00,2,5
src/routes/+layout.svelte,57,css,18449dbb,Maria Pardini Osorio,2025-03-13,13:35:28,-04:00,2025-03-13T13:35:28-04:00,1,5
src/routes/+layout.svelte,58,css,18449dbb,Maria Pardini Osorio,2025-03-13,13:35:28,-04:00,2025-03-13T13:35:28-04:00,2,16
src/routes/+layout.svelte,59,css,18449dbb,Maria Pardini Osorio,2025-03-13,13:35:28,-04:00,2025-03-13T13:35:28-04:00,1,0
src/routes/+layout.svelte,60,css,18449dbb,Maria Pardini Osorio,2025-03-13,13:35:28,-04:00,2025-03-13T13:35:28-04:00,0,0
src/routes/+layout.svelte,61,css,18449dbb,Maria Pardini Osorio,2025-03-13,13:35:28,-04:00,2025-03-13T13:35:28-04:00,1,2
src/routes/+layout.svelte,62,css,18449dbb,Maria Pardini Osorio,2025-03-13,13:35:28,-04:00,2025-03-13T13:35:28-04:00,2,39
src/routes/+layout.svelte,63,css,18449dbb,Maria Pardini Osorio,2025-03-13,13:35:28,-04:00,2025-03-13T13:35:28-04:00,2,12
src/routes/+layout.svelte,64,css,18449dbb,Maria Pardini Osorio,2025-03-13,13:35:28,-04:00,2025-03-13T13:35:28-04:00,2,17
src/routes/+layout.svelte,65,css,18449dbb,Maria Pardini Osorio,2025-03-13,13:35:28,-04:00,2025-03-13T13:35:28-04:00,2,25
src/routes/+layout.svelte,66,css,18449dbb,Maria Pardini Osorio,2025-03-13,13:35:28,-04:00,2025-03-13T13:35:28-04:00,2,38
src/routes/+layout.svelte,67,css,18449dbb,Maria Pardini Osorio,2025-03-13,13:35:28,-04:00,2025-03-13T13:35:28-04:00,2,17
src/routes/+layout.svelte,68,css,18449dbb,Maria Pardini Osorio,2025-03-13,13:35:28,-04:00,2025-03-13T13:35:28-04:00,2,0
src/routes/+layout.svelte,69,css,18449dbb,Maria Pardini Osorio,2025-03-13,13:35:28,-04:00,2025-03-13T13:35:28-04:00,1,0
src/routes/+layout.svelte,70,css,18449dbb,Maria Pardini Osorio,2025-03-13,13:35:28,-04:00,2025-03-13T13:35:28-04:00,0,0
src/routes/+layout.svelte,71,css,18449dbb,Maria Pardini Osorio,2025-03-13,13:35:28,-04:00,2025-03-13T13:35:28-04:00,1,5
src/routes/+layout.svelte,72,css,18449dbb,Maria Pardini Osorio,2025-03-13,13:35:28,-04:00,2025-03-13T13:35:28-04:00,1,5
src/routes/+layout.svelte,73,css,18449dbb,Maria Pardini Osorio,2025-03-13,13:35:28,-04:00,2025-03-13T13:35:28-04:00,1,17
src/routes/+layout.svelte,74,css,18449dbb,Maria Pardini Osorio,2025-03-13,13:35:28,-04:00,2025-03-13T13:35:28-04:00,1,20
src/routes/+layout.svelte,75,css,18449dbb,Maria Pardini Osorio,2025-03-13,13:35:28,-04:00,2025-03-13T13:35:28-04:00,1,13
src/routes/+layout.svelte,76,css,18449dbb,Maria Pardini Osorio,2025-03-13,13:35:28,-04:00,2025-03-13T13:35:28-04:00,1,17
src/routes/+layout.svelte,77,css,18449dbb,Maria Pardini Osorio,2025-03-13,13:35:28,-04:00,2025-03-13T13:35:28-04:00,1,13
src/routes/+layout.svelte,78,css,18449dbb,Maria Pardini Osorio,2025-03-13,13:35:28,-04:00,2025-03-13T13:35:28-04:00,1,18
src/routes/+layout.svelte,79,css,18449dbb,Maria Pardini Osorio,2025-03-13,13:35:28,-04:00,2025-03-13T13:35:28-04:00,1,0
src/routes/+layout.svelte,80,css,18449dbb,Maria Pardini Osorio,2025-03-13,13:35:28,-04:00,2025-03-13T13:35:28-04:00,0,0
src/routes/+layout.svelte,81,css,18449dbb,Maria Pardini Osorio,2025-03-13,13:35:28,-04:00,2025-03-13T13:35:28-04:00,1,12
src/routes/+layout.svelte,82,css,18449dbb,Maria Pardini Osorio,2025-03-13,13:35:28,-04:00,2025-03-13T13:35:28-04:00,2,19
src/routes/+layout.svelte,83,css,18449dbb,Maria Pardini Osorio,2025-03-13,13:35:28,-04:00,2025-03-13T13:35:28-04:00,2,25
src/routes/+layout.svelte,84,css,18449dbb,Maria Pardini Osorio,2025-03-13,13:35:28,-04:00,2025-03-13T13:35:28-04:00,2,38
src/routes/+layout.svelte,85,css,18449dbb,Maria Pardini Osorio,2025-03-13,13:35:28,-04:00,2025-03-13T13:35:28-04:00,2,18
src/routes/+layout.svelte,86,css,18449dbb,Maria Pardini Osorio,2025-03-13,13:35:28,-04:00,2025-03-13T13:35:28-04:00,0,0
src/routes/+layout.svelte,87,css,18449dbb,Maria Pardini Osorio,2025-03-13,13:35:28,-04:00,2025-03-13T13:35:28-04:00,1,0
src/routes/+layout.svelte,88,css,18449dbb,Maria Pardini Osorio,2025-03-13,13:35:28,-04:00,2025-03-13T13:35:28-04:00,0,0
src/routes/+layout.svelte,89,css,18449dbb,Maria Pardini Osorio,2025-03-13,13:35:28,-04:00,2025-03-13T13:35:28-04:00,1,10
src/routes/+layout.svelte,90,css,18449dbb,Maria Pardini Osorio,2025-03-13,13:35:28,-04:00,2025-03-13T13:35:28-04:00,2,86
src/routes/+layout.svelte,91,css,18449dbb,Maria Pardini Osorio,2025-03-13,13:35:28,-04:00,2025-03-13T13:35:28-04:00,2,69
src/routes/+layout.svelte,92,css,18449dbb,Maria Pardini Osorio,2025-03-13,13:35:28,-04:00,2025-03-13T13:35:28-04:00,2,18
src/routes/+layout.svelte,93,css,18449dbb,Maria Pardini Osorio,2025-03-13,13:35:28,-04:00,2025-03-13T13:35:28-04:00,1,0
src/routes/+layout.svelte,94,css,18449dbb,Maria Pardini Osorio,2025-03-13,13:35:28,-04:00,2025-03-13T13:35:28-04:00,0,0
src/routes/+layout.svelte,95,css,18449dbb,Maria Pardini Osorio,2025-03-13,13:35:28,-04:00,2025-03-13T13:35:28-04:00,1,13
src/routes/+layout.svelte,96,css,18449dbb,Maria Pardini Osorio,2025-03-13,13:35:28,-04:00,2025-03-13T13:35:28-04:00,4,17
src/routes/+layout.svelte,97,css,18449dbb,Maria Pardini Osorio,2025-03-13,13:35:28,-04:00,2025-03-13T13:35:28-04:00,4,8
src/routes/+layout.svelte,98,css,18449dbb,Maria Pardini Osorio,2025-03-13,13:35:28,-04:00,2025-03-13T13:35:28-04:00,4,10
src/routes/+layout.svelte,99,css,18449dbb,Maria Pardini Osorio,2025-03-13,13:35:28,-04:00,2025-03-13T13:35:28-04:00,4,13
src/routes/+layout.svelte,100,css,18449dbb,Maria Pardini Osorio,2025-03-13,13:35:28,-04:00,2025-03-13T13:35:28-04:00,4,19
src/routes/+layout.svelte,101,css,18449dbb,Maria Pardini Osorio,2025-03-13,13:35:28,-04:00,2025-03-13T13:35:28-04:00,4,7
src/routes/+layout.svelte,102,css,18449dbb,Maria Pardini Osorio,2025-03-13,13:35:28,-04:00,2025-03-13T13:35:28-04:00,3,0
src/routes/+layout.svelte,103,css,18449dbb,Maria Pardini Osorio,2025-03-13,13:35:28,-04:00,2025-03-13T13:35:28-04:00,0,0
src/routes/+layout.svelte,104,css,18449dbb,Maria Pardini Osorio,2025-03-13,13:35:28,-04:00,2025-03-13T13:35:28-04:00,0,0
src/routes/+layout.svelte,105,css,18449dbb,Maria Pardini Osorio,2025-03-13,13:35:28,-04:00,2025-03-13T13:35:28-04:00,0,0
src/routes/+layout.svelte,106,svelte,18449dbb,Maria Pardini Osorio,2025-03-13,13:35:28,-04:00,2025-03-13T13:35:28-04:00,1,6
src/routes/+layout.svelte,107,svelte,18449dbb,Maria Pardini Osorio,2025-03-13,13:35:28,-04:00,2025-03-13T13:35:28-04:00,0,0
src/routes/+layout.svelte,108,svelte,18449dbb,Maria Pardini Osorio,2025-03-13,13:35:28,-04:00,2025-03-13T13:35:28-04:00,1,0
src/routes/resume/+page.svelte,1,svelte,a462c6a2,Maria Pardini Osorio,2025-03-06,05:46:45,-05:00,2025-03-06T05:46:45-05:00,0,0
src/routes/resume/+page.svelte,2,svelte,a462c6a2,Maria Pardini Osorio,2025-03-06,05:46:45,-05:00,2025-03-06T05:46:45-05:00,1,15
src/routes/resume/+page.svelte,3,svelte,a462c6a2,Maria Pardini Osorio,2025-03-06,05:46:45,-05:00,2025-03-06T05:46:45-05:00,0,0
src/routes/resume/+page.svelte,4,svelte,a462c6a2,Maria Pardini Osorio,2025-03-06,05:46:45,-05:00,2025-03-06T05:46:45-05:00,1,11
src/routes/resume/+page.svelte,5,svelte,a462c6a2,Maria Pardini Osorio,2025-03-06,05:46:45,-05:00,2025-03-06T05:46:45-05:00,1,22
src/routes/resume/+page.svelte,6,svelte,a462c6a2,Maria Pardini Osorio,2025-03-06,05:46:45,-05:00,2025-03-06T05:46:45-05:00,0,12
src/routes/resume/+page.svelte,7,svelte,a462c6a2,Maria Pardini Osorio,2025-03-06,05:46:45,-05:00,2025-03-06T05:46:45-05:00,1,13
src/routes/resume/+page.svelte,8,svelte,a462c6a2,Maria Pardini Osorio,2025-03-06,05:46:45,-05:00,2025-03-06T05:46:45-05:00,0,0
src/routes/resume/+page.svelte,9,svelte,a462c6a2,Maria Pardini Osorio,2025-03-06,05:46:45,-05:00,2025-03-06T05:46:45-05:00,2,19
src/routes/resume/+page.svelte,10,svelte,a462c6a2,Maria Pardini Osorio,2025-03-06,05:46:45,-05:00,2025-03-06T05:46:45-05:00,2,0
src/routes/resume/+page.svelte,11,svelte,a462c6a2,Maria Pardini Osorio,2025-03-06,05:46:45,-05:00,2025-03-06T05:46:45-05:00,4,131
src/routes/resume/+page.svelte,12,svelte,a462c6a2,Maria Pardini Osorio,2025-03-06,05:46:45,-05:00,2025-03-06T05:46:45-05:00,2,0
src/routes/resume/+page.svelte,13,svelte,a462c6a2,Maria Pardini Osorio,2025-03-06,05:46:45,-05:00,2025-03-06T05:46:45-05:00,4,26
src/routes/resume/+page.svelte,14,svelte,a462c6a2,Maria Pardini Osorio,2025-03-06,05:46:45,-05:00,2025-03-06T05:46:45-05:00,4,18
src/routes/resume/+page.svelte,15,svelte,a462c6a2,Maria Pardini Osorio,2025-03-06,05:46:45,-05:00,2025-03-06T05:46:45-05:00,4,25
src/routes/resume/+page.svelte,16,svelte,a462c6a2,Maria Pardini Osorio,2025-03-06,05:46:45,-05:00,2025-03-06T05:46:45-05:00,4,42
src/routes/resume/+page.svelte,17,svelte,a462c6a2,Maria Pardini Osorio,2025-03-06,05:46:45,-05:00,2025-03-06T05:46:45-05:00,4,30
src/routes/resume/+page.svelte,18,svelte,a462c6a2,Maria Pardini Osorio,2025-03-06,05:46:45,-05:00,2025-03-06T05:46:45-05:00,6,32
src/routes/resume/+page.svelte,19,svelte,a462c6a2,Maria Pardini Osorio,2025-03-06,05:46:45,-05:00,2025-03-06T05:46:45-05:00,6,18
src/routes/resume/+page.svelte,20,svelte,a462c6a2,Maria Pardini Osorio,2025-03-06,05:46:45,-05:00,2025-03-06T05:46:45-05:00,4,8
src/routes/resume/+page.svelte,21,svelte,a462c6a2,Maria Pardini Osorio,2025-03-06,05:46:45,-05:00,2025-03-06T05:46:45-05:00,4,25
src/routes/resume/+page.svelte,22,svelte,a462c6a2,Maria Pardini Osorio,2025-03-06,05:46:45,-05:00,2025-03-06T05:46:45-05:00,4,49
src/routes/resume/+page.svelte,23,svelte,a462c6a2,Maria Pardini Osorio,2025-03-06,05:46:45,-05:00,2025-03-06T05:46:45-05:00,4,92
src/routes/resume/+page.svelte,24,svelte,a462c6a2,Maria Pardini Osorio,2025-03-06,05:46:45,-05:00,2025-03-06T05:46:45-05:00,3,0
src/routes/resume/+page.svelte,25,svelte,a462c6a2,Maria Pardini Osorio,2025-03-06,05:46:45,-05:00,2025-03-06T05:46:45-05:00,4,8
src/routes/resume/+page.svelte,26,svelte,a462c6a2,Maria Pardini Osorio,2025-03-06,05:46:45,-05:00,2025-03-06T05:46:45-05:00,2,0
src/routes/resume/+page.svelte,27,svelte,a462c6a2,Maria Pardini Osorio,2025-03-06,05:46:45,-05:00,2025-03-06T05:46:45-05:00,2,8
src/routes/resume/+page.svelte,28,svelte,a462c6a2,Maria Pardini Osorio,2025-03-06,05:46:45,-05:00,2025-03-06T05:46:45-05:00,2,13
src/routes/projects/+page.svelte,1,svelte,17a60959,Maria Pardini Osorio,2025-03-06,10:08:08,-05:00,2025-03-06T10:08:08-05:00,0,6
src/routes/projects/+page.svelte,2,js,f53e3543,Maria Pardini Osorio,2025-03-20,19:17:32,-04:00,2025-03-20T19:17:32-04:00,0,23
src/routes/projects/+page.svelte,3,js,f53e3543,Maria Pardini Osorio,2025-03-20,19:17:32,-04:00,2025-03-20T19:17:32-04:00,1,32
src/routes/projects/+page.svelte,4,js,f53e3543,Maria Pardini Osorio,2025-03-20,19:17:32,-04:00,2025-03-20T19:17:32-04:00,1,40
src/routes/projects/+page.svelte,5,js,f53e3543,Maria Pardini Osorio,2025-03-20,19:17:32,-04:00,2025-03-20T19:17:32-04:00,1,40
src/routes/projects/+page.svelte,6,js,f53e3543,Maria Pardini Osorio,2025-03-20,19:17:32,-04:00,2025-03-20T19:17:32-04:00,0,0
src/routes/projects/+page.svelte,7,js,377ce917,Maria Pardini Osorio,2025-03-20,19:54:07,-04:00,2025-03-20T19:54:07-04:00,0,57
src/routes/projects/+page.svelte,8,js,377ce917,Maria Pardini Osorio,2025-03-20,19:54:07,-04:00,2025-03-20T19:54:07-04:00,0,10
src/routes/projects/+page.svelte,9,js,bb29960c,Maria Pardini Osorio,2025-03-20,20:54:02,-04:00,2025-03-20T20:54:02-04:00,0,25
src/routes/projects/+page.svelte,10,js,bb29960c,Maria Pardini Osorio,2025-03-20,20:54:02,-04:00,2025-03-20T20:54:02-04:00,0,0
src/routes/projects/+page.svelte,11,js,377ce917,Maria Pardini Osorio,2025-03-20,19:54:07,-04:00,2025-03-20T19:54:07-04:00,0,0
src/routes/projects/+page.svelte,12,js,377ce917,Maria Pardini Osorio,2025-03-20,19:54:07,-04:00,2025-03-20T19:54:07-04:00,0,2
src/routes/projects/+page.svelte,13,js,377ce917,Maria Pardini Osorio,2025-03-20,19:54:07,-04:00,2025-03-20T19:54:07-04:00,0,51
src/routes/projects/+page.svelte,14,js,377ce917,Maria Pardini Osorio,2025-03-20,19:54:07,-04:00,2025-03-20T19:54:07-04:00,2,11
src/routes/projects/+page.svelte,15,js,377ce917,Maria Pardini Osorio,2025-03-20,19:54:07,-04:00,2025-03-20T19:54:07-04:00,2,0
src/routes/projects/+page.svelte,16,js,377ce917,Maria Pardini Osorio,2025-03-20,19:54:07,-04:00,2025-03-20T19:54:07-04:00,0,64
src/routes/projects/+page.svelte,17,js,377ce917,Maria Pardini Osorio,2025-03-20,19:54:07,-04:00,2025-03-20T19:54:07-04:00,2,72
src/routes/projects/+page.svelte,18,js,377ce917,Maria Pardini Osorio,2025-03-20,19:54:07,-04:00,2025-03-20T19:54:07-04:00,0,0
src/routes/projects/+page.svelte,19,js,377ce917,Maria Pardini Osorio,2025-03-20,19:54:07,-04:00,2025-03-20T19:54:07-04:00,0,61
src/routes/projects/+page.svelte,20,js,377ce917,Maria Pardini Osorio,2025-03-20,19:54:07,-04:00,2025-03-20T19:54:07-04:00,2,43
src/routes/projects/+page.svelte,21,js,377ce917,Maria Pardini Osorio,2025-03-20,19:54:07,-04:00,2025-03-20T19:54:07-04:00,4,35
src/routes/projects/+page.svelte,22,js,377ce917,Maria Pardini Osorio,2025-03-20,19:54:07,-04:00,2025-03-20T19:54:07-04:00,2,1
src/routes/projects/+page.svelte,23,js,377ce917,Maria Pardini Osorio,2025-03-20,19:54:07,-04:00,2025-03-20T19:54:07-04:00,0,0
src/routes/projects/+page.svelte,24,js,377ce917,Maria Pardini Osorio,2025-03-20,19:54:07,-04:00,2025-03-20T19:54:07-04:00,0,0
src/routes/projects/+page.svelte,25,js,f53e3543,Maria Pardini Osorio,2025-03-20,19:17:32,-04:00,2025-03-20T19:17:32-04:00,1,13
src/routes/projects/+page.svelte,26,js,377ce917,Maria Pardini Osorio,2025-03-20,19:54:07,-04:00,2025-03-20T19:54:07-04:00,1,48
src/routes/projects/+page.svelte,27,js,377ce917,Maria Pardini Osorio,2025-03-20,19:54:07,-04:00,2025-03-20T19:54:07-04:00,0,59
src/routes/projects/+page.svelte,28,js,377ce917,Maria Pardini Osorio,2025-03-20,19:54:07,-04:00,2025-03-20T19:54:07-04:00,0,42
src/routes/projects/+page.svelte,29,js,377ce917,Maria Pardini Osorio,2025-03-20,19:54:07,-04:00,2025-03-20T19:54:07-04:00,0,1
src/routes/projects/+page.svelte,30,js,bb29960c,Maria Pardini Osorio,2025-03-20,20:54:02,-04:00,2025-03-20T20:54:02-04:00,0,15
src/routes/projects/+page.svelte,31,js,bb29960c,Maria Pardini Osorio,2025-03-20,20:54:02,-04:00,2025-03-20T20:54:02-04:00,0,81
src/routes/projects/+page.svelte,32,js,bb29960c,Maria Pardini Osorio,2025-03-20,20:54:02,-04:00,2025-03-20T20:54:02-04:00,0,0
src/routes/projects/+page.svelte,33,js,bb29960c,Maria Pardini Osorio,2025-03-20,20:54:02,-04:00,2025-03-20T20:54:02-04:00,0,54
src/routes/projects/+page.svelte,34,js,bb29960c,Maria Pardini Osorio,2025-03-20,20:54:02,-04:00,2025-03-20T20:54:02-04:00,4,17
src/routes/projects/+page.svelte,35,js,bb29960c,Maria Pardini Osorio,2025-03-20,20:54:02,-04:00,2025-03-20T20:54:02-04:00,6,35
src/routes/projects/+page.svelte,36,js,bb29960c,Maria Pardini Osorio,2025-03-20,20:54:02,-04:00,2025-03-20T20:54:02-04:00,4,0
src/routes/projects/+page.svelte,37,js,f53e3543,Maria Pardini Osorio,2025-03-20,19:17:32,-04:00,2025-03-20T19:17:32-04:00,0,0
src/routes/projects/+page.svelte,38,js,bb29960c,Maria Pardini Osorio,2025-03-20,20:54:02,-04:00,2025-03-20T20:54:02-04:00,4,10
src/routes/projects/+page.svelte,39,js,bb29960c,Maria Pardini Osorio,2025-03-20,20:54:02,-04:00,2025-03-20T20:54:02-04:00,2,1
src/routes/projects/+page.svelte,40,js,f53e3543,Maria Pardini Osorio,2025-03-20,19:17:32,-04:00,2025-03-20T19:17:32-04:00,0,0
src/routes/projects/+page.svelte,41,svelte,17a60959,Maria Pardini Osorio,2025-03-06,10:08:08,-05:00,2025-03-06T10:08:08-05:00,0,7
src/routes/projects/+page.svelte,42,svelte,17a60959,Maria Pardini Osorio,2025-03-06,10:08:08,-05:00,2025-03-06T10:08:08-05:00,0,0
src/routes/projects/+page.svelte,43,svelte,a462c6a2,Maria Pardini Osorio,2025-03-06,05:46:45,-05:00,2025-03-06T05:46:45-05:00,0,0
src/routes/projects/+page.svelte,44,svelte,a462c6a2,Maria Pardini Osorio,2025-03-06,05:46:45,-05:00,2025-03-06T05:46:45-05:00,0,11
src/routes/projects/+page.svelte,45,svelte,a462c6a2,Maria Pardini Osorio,2025-03-06,05:46:45,-05:00,2025-03-06T05:46:45-05:00,1,24
src/routes/projects/+page.svelte,46,svelte,a462c6a2,Maria Pardini Osorio,2025-03-06,05:46:45,-05:00,2025-03-06T05:46:45-05:00,0,12
src/routes/projects/+page.svelte,47,svelte,a462c6a2,Maria Pardini Osorio,2025-03-06,05:46:45,-05:00,2025-03-06T05:46:45-05:00,0,0
src/routes/projects/+page.svelte,48,svelte,17a60959,Maria Pardini Osorio,2025-03-06,10:08:08,-05:00,2025-03-06T10:08:08-05:00,0,35
src/routes/projects/+page.svelte,49,svelte,f53e3543,Maria Pardini Osorio,2025-03-20,19:17:32,-04:00,2025-03-20T19:17:32-04:00,0,0
src/routes/projects/+page.svelte,50,svelte,f53e3543,Maria Pardini Osorio,2025-03-20,19:17:32,-04:00,2025-03-20T19:17:32-04:00,0,0
src/routes/projects/+page.svelte,51,svelte,bb29960c,Maria Pardini Osorio,2025-03-20,20:54:02,-04:00,2025-03-20T20:54:02-04:00,0,59
src/routes/projects/+page.svelte,52,svelte,bb29960c,Maria Pardini Osorio,2025-03-20,20:54:02,-04:00,2025-03-20T20:54:02-04:00,0,0
src/routes/projects/+page.svelte,53,svelte,f53e3543,Maria Pardini Osorio,2025-03-20,19:17:32,-04:00,2025-03-20T19:17:32-04:00,0,37
src/routes/projects/+page.svelte,54,svelte,f53e3543,Maria Pardini Osorio,2025-03-20,19:17:32,-04:00,2025-03-20T19:17:32-04:00,3,63
src/routes/projects/+page.svelte,55,svelte,a462c6a2,Maria Pardini Osorio,2025-03-06,05:46:45,-05:00,2025-03-06T05:46:45-05:00,2,0
src/routes/projects/+page.svelte,56,svelte,a462c6a2,Maria Pardini Osorio,2025-03-06,05:46:45,-05:00,2025-03-06T05:46:45-05:00,0,0
src/routes/projects/+page.svelte,57,svelte,f53e3543,Maria Pardini Osorio,2025-03-20,19:17:32,-04:00,2025-03-20T19:17:32-04:00,0,0
src/routes/projects/+page.svelte,58,svelte,a462c6a2,Maria Pardini Osorio,2025-03-06,05:46:45,-05:00,2025-03-06T05:46:45-05:00,0,20
src/routes/projects/+page.svelte,59,svelte,bb29960c,Maria Pardini Osorio,2025-03-20,20:54:02,-04:00,2025-03-20T20:54:02-04:00,2,25
src/routes/projects/+page.svelte,60,svelte,f53e3543,Maria Pardini Osorio,2025-03-20,19:17:32,-04:00,2025-03-20T19:17:32-04:00,2,18
src/routes/projects/+page.svelte,61,svelte,17a60959,Maria Pardini Osorio,2025-03-06,10:08:08,-05:00,2025-03-06T10:08:08-05:00,2,5
src/routes/projects/+page.svelte,62,svelte,a462c6a2,Maria Pardini Osorio,2025-03-06,05:46:45,-05:00,2025-03-06T05:46:45-05:00,0,4
src/routes/projects/+page.svelte,63,svelte,a462c6a2,Maria Pardini Osorio,2025-03-06,05:46:45,-05:00,2025-03-06T05:46:45-05:00,0,0
src/routes/projects/+page.svelte,64,svelte,f53e3543,Maria Pardini Osorio,2025-03-20,19:17:32,-04:00,2025-03-20T19:17:32-04:00,0,5
src/routes/projects/+page.svelte,65,css,f53e3543,Maria Pardini Osorio,2025-03-20,19:17:32,-04:00,2025-03-20T19:17:32-04:00,2,20
src/routes/projects/+page.svelte,66,css,f53e3543,Maria Pardini Osorio,2025-03-20,19:17:32,-04:00,2025-03-20T19:17:32-04:00,2,10
src/routes/projects/+page.svelte,67,css,f53e3543,Maria Pardini Osorio,2025-03-20,19:17:32,-04:00,2025-03-20T19:17:32-04:00,2,68
src/routes/projects/+page.svelte,68,css,f53e3543,Maria Pardini Osorio,2025-03-20,19:17:32,-04:00,2025-03-20T19:17:32-04:00,2,13
src/routes/projects/+page.svelte,69,css,f53e3543,Maria Pardini Osorio,2025-03-20,19:17:32,-04:00,2025-03-20T19:17:32-04:00,2,14
src/routes/projects/+page.svelte,70,css,f53e3543,Maria Pardini Osorio,2025-03-20,19:17:32,-04:00,2025-03-20T19:17:32-04:00,1,0
src/routes/projects/+page.svelte,71,svelte,f53e3543,Maria Pardini Osorio,2025-03-20,19:17:32,-04:00,2025-03-20T19:17:32-04:00,0,6
src/routes/meta/+page.svelte,1,svelte,bb29960c,Maria Pardini Osorio,2025-03-20,20:54:02,-04:00,2025-03-20T20:54:02-04:00,0,15
src/routes/meta/+page.svelte,2,svelte,bb29960c,Maria Pardini Osorio,2025-03-20,20:54:02,-04:00,2025-03-20T20:54:02-04:00,0,0
src/routes/meta/+page.svelte,3,svelte,bb29960c,Maria Pardini Osorio,2025-03-20,20:54:02,-04:00,2025-03-20T20:54:02-04:00,0,11
src/routes/meta/+page.svelte,4,svelte,bb29960c,Maria Pardini Osorio,2025-03-20,20:54:02,-04:00,2025-03-20T20:54:02-04:00,1,22
src/routes/meta/+page.svelte,5,svelte,bb29960c,Maria Pardini Osorio,2025-03-20,20:54:02,-04:00,2025-03-20T20:54:02-04:00,0,12
src/routes/meta/+page.svelte,6,svelte,bb29960c,Maria Pardini Osorio,2025-03-20,20:54:02,-04:00,2025-03-20T20:54:02-04:00,0,0
src/routes/meta/+page.svelte,7,svelte,89aa001c,Maria Pardini Osorio,2025-03-20,20:57:01,-04:00,2025-03-20T20:57:01-04:00,0,11
src/routes/meta/+page.svelte,8,svelte,89aa001c,Maria Pardini Osorio,2025-03-20,20:57:01,-04:00,2025-03-20T20:57:01-04:00,0,61
src/routes/contact/+page.svelte,1,svelte,a462c6a2,Maria Pardini Osorio,2025-03-06,05:46:45,-05:00,2025-03-06T05:46:45-05:00,0,15
src/routes/contact/+page.svelte,2,svelte,a462c6a2,Maria Pardini Osorio,2025-03-06,05:46:45,-05:00,2025-03-06T05:46:45-05:00,0,0
src/routes/contact/+page.svelte,3,svelte,a462c6a2,Maria Pardini Osorio,2025-03-06,05:46:45,-05:00,2025-03-06T05:46:45-05:00,0,11
src/routes/contact/+page.svelte,4,svelte,a462c6a2,Maria Pardini Osorio,2025-03-06,05:46:45,-05:00,2025-03-06T05:46:45-05:00,1,23
src/routes/contact/+page.svelte,5,svelte,a462c6a2,Maria Pardini Osorio,2025-03-06,05:46:45,-05:00,2025-03-06T05:46:45-05:00,0,12
src/routes/contact/+page.svelte,6,svelte,a462c6a2,Maria Pardini Osorio,2025-03-06,05:46:45,-05:00,2025-03-06T05:46:45-05:00,0,0
src/routes/contact/+page.svelte,7,svelte,a462c6a2,Maria Pardini Osorio,2025-03-06,05:46:45,-05:00,2025-03-06T05:46:45-05:00,0,14
src/routes/contact/+page.svelte,8,svelte,a462c6a2,Maria Pardini Osorio,2025-03-06,05:46:45,-05:00,2025-03-06T05:46:45-05:00,0,0
src/routes/contact/+page.svelte,9,svelte,a462c6a2,Maria Pardini Osorio,2025-03-06,05:46:45,-05:00,2025-03-06T05:46:45-05:00,0,59
src/routes/contact/+page.svelte,10,svelte,a462c6a2,Maria Pardini Osorio,2025-03-06,05:46:45,-05:00,2025-03-06T05:46:45-05:00,2,31
src/routes/contact/+page.svelte,11,svelte,a462c6a2,Maria Pardini Osorio,2025-03-06,05:46:45,-05:00,2025-03-06T05:46:45-05:00,2,31
src/routes/contact/+page.svelte,12,svelte,a462c6a2,Maria Pardini Osorio,2025-03-06,05:46:45,-05:00,2025-03-06T05:46:45-05:00,2,35
src/routes/contact/+page.svelte,13,svelte,a462c6a2,Maria Pardini Osorio,2025-03-06,05:46:45,-05:00,2025-03-06T05:46:45-05:00,2,20
src/routes/contact/+page.svelte,14,svelte,a462c6a2,Maria Pardini Osorio,2025-03-06,05:46:45,-05:00,2025-03-06T05:46:45-05:00,2,29
src/routes/contact/+page.svelte,15,svelte,a462c6a2,Maria Pardini Osorio,2025-03-06,05:46:45,-05:00,2025-03-06T05:46:45-05:00,2,41
src/routes/contact/+page.svelte,16,svelte,a462c6a2,Maria Pardini Osorio,2025-03-06,05:46:45,-05:00,2025-03-06T05:46:45-05:00,2,21
src/routes/contact/+page.svelte,17,svelte,a462c6a2,Maria Pardini Osorio,2025-03-06,05:46:45,-05:00,2025-03-06T05:46:45-05:00,2,0
src/routes/contact/+page.svelte,18,svelte,a462c6a2,Maria Pardini Osorio,2025-03-06,05:46:45,-05:00,2025-03-06T05:46:45-05:00,0,0
src/routes/contact/+page.svelte,19,svelte,a462c6a2,Maria Pardini Osorio,2025-03-06,05:46:45,-05:00,2025-03-06T05:46:45-05:00,0,0
src/routes/contact/+page.svelte,20,svelte,a462c6a2,Maria Pardini Osorio,2025-03-06,05:46:45,-05:00,2025-03-06T05:46:45-05:00,0,5
src/routes/contact/+page.svelte,21,svelte,a462c6a2,Maria Pardini Osorio,2025-03-06,05:46:45,-05:00,2025-03-06T05:46:45-05:00,0,0
src/routes/contact/+page.svelte,22,svelte,a462c6a2,Maria Pardini Osorio,2025-03-06,05:46:45,-05:00,2025-03-06T05:46:45-05:00,0,13
src/lib/Project.svelte,1,svelte,151adf10,Maria Pardini Osorio,2025-03-06,10:36:34,-05:00,2025-03-06T10:36:34-05:00,0,6
src/lib/Project.svelte,2,js,6bae0a5e,Maria Pardini Osorio,2025-03-13,15:00:41,-04:00,2025-03-13T15:00:41-04:00,1,19
src/lib/Project.svelte,3,js,6bae0a5e,Maria Pardini Osorio,2025-03-13,15:00:41,-04:00,2025-03-13T15:00:41-04:00,1,20
src/lib/Project.svelte,4,svelte,6bae0a5e,Maria Pardini Osorio,2025-03-13,15:00:41,-04:00,2025-03-13T15:00:41-04:00,0,7
src/lib/Project.svelte,5,svelte,151adf10,Maria Pardini Osorio,2025-03-06,10:36:34,-05:00,2025-03-06T10:36:34-05:00,0,0
src/lib/Project.svelte,6,svelte,151adf10,Maria Pardini Osorio,2025-03-06,10:36:34,-05:00,2025-03-06T10:36:34-05:00,0,7
src/lib/Project.svelte,7,svelte,6bae0a5e,Maria Pardini Osorio,2025-03-13,15:00:41,-04:00,2025-03-13T15:00:41-04:00,1,63
src/lib/Project.svelte,8,svelte,f53e3543,Maria Pardini Osorio,2025-03-20,19:17:32,-04:00,2025-03-20T19:17:32-04:00,1,0
src/lib/Project.svelte,9,svelte,6bae0a5e,Maria Pardini Osorio,2025-03-13,15:00:41,-04:00,2025-03-13T15:00:41-04:00,1,39
src/lib/Project.svelte,10,svelte,f53e3543,Maria Pardini Osorio,2025-03-20,19:17:32,-04:00,2025-03-20T19:17:32-04:00,0,0
src/lib/Project.svelte,11,svelte,f53e3543,Maria Pardini Osorio,2025-03-20,19:17:32,-04:00,2025-03-20T19:17:32-04:00,2,3
src/lib/Project.svelte,12,svelte,f53e3543,Maria Pardini Osorio,2025-03-20,19:17:32,-04:00,2025-03-20T19:17:32-04:00,4,24
src/lib/Project.svelte,13,svelte,f53e3543,Maria Pardini Osorio,2025-03-20,19:17:32,-04:00,2025-03-20T19:17:32-04:00,4,2
src/lib/Project.svelte,14,svelte,f53e3543,Maria Pardini Osorio,2025-03-20,19:17:32,-04:00,2025-03-20T19:17:32-04:00,4,20
src/lib/Project.svelte,15,svelte,f53e3543,Maria Pardini Osorio,2025-03-20,19:17:32,-04:00,2025-03-20T19:17:32-04:00,2,4
src/lib/Project.svelte,16,svelte,f53e3543,Maria Pardini Osorio,2025-03-20,19:17:32,-04:00,2025-03-20T19:17:32-04:00,0,0
src/lib/Project.svelte,17,svelte,151adf10,Maria Pardini Osorio,2025-03-06,10:36:34,-05:00,2025-03-06T10:36:34-05:00,0,8
src/lib/Project.svelte,18,svelte,151adf10,Maria Pardini Osorio,2025-03-06,10:36:34,-05:00,2025-03-06T10:36:34-05:00,0,0
src/lib/Project.svelte,19,svelte,151adf10,Maria Pardini Osorio,2025-03-06,10:36:34,-05:00,2025-03-06T10:36:34-05:00,0,5
src/lib/Project.svelte,20,css,6bae0a5e,Maria Pardini Osorio,2025-03-13,15:00:41,-04:00,2025-03-13T15:00:41-04:00,1,7
src/lib/Project.svelte,21,css,6bae0a5e,Maria Pardini Osorio,2025-03-13,15:00:41,-04:00,2025-03-13T15:00:41-04:00,2,12
src/lib/Project.svelte,22,css,6bae0a5e,Maria Pardini Osorio,2025-03-13,15:00:41,-04:00,2025-03-13T15:00:41-04:00,2,95
src/lib/Project.svelte,23,css,6bae0a5e,Maria Pardini Osorio,2025-03-13,15:00:41,-04:00,2025-03-13T15:00:41-04:00,2,15
src/lib/Project.svelte,24,css,f53e3543,Maria Pardini Osorio,2025-03-20,19:17:32,-04:00,2025-03-20T19:17:32-04:00,2,33
src/lib/Project.svelte,25,css,6bae0a5e,Maria Pardini Osorio,2025-03-13,15:00:41,-04:00,2025-03-13T15:00:41-04:00,1,0
src/lib/Project.svelte,26,css,6bae0a5e,Maria Pardini Osorio,2025-03-13,15:00:41,-04:00,2025-03-13T15:00:41-04:00,1,0
src/lib/Project.svelte,27,css,6bae0a5e,Maria Pardini Osorio,2025-03-13,15:00:41,-04:00,2025-03-13T15:00:41-04:00,1,10
src/lib/Project.svelte,28,css,6bae0a5e,Maria Pardini Osorio,2025-03-13,15:00:41,-04:00,2025-03-13T15:00:41-04:00,2,8
src/lib/Project.svelte,29,css,6bae0a5e,Maria Pardini Osorio,2025-03-13,15:00:41,-04:00,2025-03-13T15:00:41-04:00,1,0
src/lib/Project.svelte,30,css,6bae0a5e,Maria Pardini Osorio,2025-03-13,15:00:41,-04:00,2025-03-13T15:00:41-04:00,1,0
src/lib/Project.svelte,31,css,6bae0a5e,Maria Pardini Osorio,2025-03-13,15:00:41,-04:00,2025-03-13T15:00:41-04:00,1,3
src/lib/Project.svelte,32,css,6bae0a5e,Maria Pardini Osorio,2025-03-13,15:00:41,-04:00,2025-03-13T15:00:41-04:00,2,14
src/lib/Project.svelte,33,css,6bae0a5e,Maria Pardini Osorio,2025-03-13,15:00:41,-04:00,2025-03-13T15:00:41-04:00,1,0
src/lib/Project.svelte,34,svelte,6bae0a5e,Maria Pardini Osorio,2025-03-13,15:00:41,-04:00,2025-03-13T15:00:41-04:00,0,6
src/lib/Pie.svelte,1,svelte,f53e3543,Maria Pardini Osorio,2025-03-20,19:17:32,-04:00,2025-03-20T19:17:32-04:00,0,6
src/lib/Pie.svelte,2,js,f53e3543,Maria Pardini Osorio,2025-03-20,19:17:32,-04:00,2025-03-20T19:17:32-04:00,0,23
src/lib/Pie.svelte,3,js,f53e3543,Maria Pardini Osorio,2025-03-20,19:17:32,-04:00,2025-03-20T19:17:32-04:00,0,58
src/lib/Pie.svelte,4,js,f53e3543,Maria Pardini Osorio,2025-03-20,19:17:32,-04:00,2025-03-20T19:17:32-04:00,0,22
src/lib/Pie.svelte,5,js,f53e3543,Maria Pardini Osorio,2025-03-20,19:17:32,-04:00,2025-03-20T19:17:32-04:00,0,12
src/lib/Pie.svelte,6,js,f53e3543,Maria Pardini Osorio,2025-03-20,19:17:32,-04:00,2025-03-20T19:17:32-04:00,0,19
src/lib/Pie.svelte,7,js,f53e3543,Maria Pardini Osorio,2025-03-20,19:17:32,-04:00,2025-03-20T19:17:32-04:00,0,1
src/lib/Pie.svelte,8,js,f53e3543,Maria Pardini Osorio,2025-03-20,19:17:32,-04:00,2025-03-20T19:17:32-04:00,0,19
src/lib/Pie.svelte,9,js,bb29960c,Maria Pardini Osorio,2025-03-20,20:54:02,-04:00,2025-03-20T20:54:02-04:00,0,28
src/lib/Pie.svelte,10,js,bb29960c,Maria Pardini Osorio,2025-03-20,20:54:02,-04:00,2025-03-20T20:54:02-04:00,0,0
src/lib/Pie.svelte,11,js,bb29960c,Maria Pardini Osorio,2025-03-20,20:54:02,-04:00,2025-03-20T20:54:02-04:00,0,0
src/lib/Pie.svelte,12,js,f53e3543,Maria Pardini Osorio,2025-03-20,19:17:32,-04:00,2025-03-20T19:17:32-04:00,0,0
src/lib/Pie.svelte,13,js,f53e3543,Maria Pardini Osorio,2025-03-20,19:17:32,-04:00,2025-03-20T19:17:32-04:00,0,47
src/lib/Pie.svelte,14,js,377ce917,Maria Pardini Osorio,2025-03-20,19:54:07,-04:00,2025-03-20T19:54:07-04:00,0,48
src/lib/Pie.svelte,15,js,377ce917,Maria Pardini Osorio,2025-03-20,19:54:07,-04:00,2025-03-20T19:54:07-04:00,0,0
src/lib/Pie.svelte,16,js,377ce917,Maria Pardini Osorio,2025-03-20,19:54:07,-04:00,2025-03-20T19:54:07-04:00,0,51
src/lib/Pie.svelte,17,js,377ce917,Maria Pardini Osorio,2025-03-20,19:54:07,-04:00,2025-03-20T19:54:07-04:00,0,10
src/lib/Pie.svelte,18,js,377ce917,Maria Pardini Osorio,2025-03-20,19:54:07,-04:00,2025-03-20T19:54:07-04:00,0,7
src/lib/Pie.svelte,19,js,377ce917,Maria Pardini Osorio,2025-03-20,19:54:07,-04:00,2025-03-20T19:54:07-04:00,0,0
src/lib/Pie.svelte,20,js,377ce917,Maria Pardini Osorio,2025-03-20,19:54:07,-04:00,2025-03-20T19:54:07-04:00,2,2
src/lib/Pie.svelte,21,js,377ce917,Maria Pardini Osorio,2025-03-20,19:54:07,-04:00,2025-03-20T19:54:07-04:00,0,102
src/lib/Pie.svelte,22,js,377ce917,Maria Pardini Osorio,2025-03-20,19:54:07,-04:00,2025-03-20T19:54:07-04:00,0,29
src/lib/Pie.svelte,23,js,377ce917,Maria Pardini Osorio,2025-03-20,19:54:07,-04:00,2025-03-20T19:54:07-04:00,0,39
src/lib/Pie.svelte,24,js,377ce917,Maria Pardini Osorio,2025-03-20,19:54:07,-04:00,2025-03-20T19:54:07-04:00,2,0
src/lib/Pie.svelte,25,js,f53e3543,Maria Pardini Osorio,2025-03-20,19:17:32,-04:00,2025-03-20T19:17:32-04:00,0,0
src/lib/Pie.svelte,26,js,f53e3543,Maria Pardini Osorio,2025-03-20,19:17:32,-04:00,2025-03-20T19:17:32-04:00,0,0
src/lib/Pie.svelte,27,js,f53e3543,Maria Pardini Osorio,2025-03-20,19:17:32,-04:00,2025-03-20T19:17:32-04:00,0,0
src/lib/Pie.svelte,28,svelte,f53e3543,Maria Pardini Osorio,2025-03-20,19:17:32,-04:00,2025-03-20T19:17:32-04:00,0,7
src/lib/Pie.svelte,29,svelte,f53e3543,Maria Pardini Osorio,2025-03-20,19:17:32,-04:00,2025-03-20T19:17:32-04:00,0,0
src/lib/Pie.svelte,30,svelte,f53e3543,Maria Pardini Osorio,2025-03-20,19:17:32,-04:00,2025-03-20T19:17:32-04:00,0,0
src/lib/Pie.svelte,31,svelte,bb29960c,Maria Pardini Osorio,2025-03-20,20:54:02,-04:00,2025-03-20T20:54:02-04:00,0,0
src/lib/Pie.svelte,32,svelte,bb29960c,Maria Pardini Osorio,2025-03-20,20:54:02,-04:00,2025-03-20T20:54:02-04:00,0,0
src/lib/Pie.svelte,33,svelte,f53e3543,Maria Pardini Osorio,2025-03-20,19:17:32,-04:00,2025-03-20T19:17:32-04:00,0,21
src/lib/Pie.svelte,34,svelte,f53e3543,Maria Pardini Osorio,2025-03-20,19:17:32,-04:00,2025-03-20T19:17:32-04:00,0,0
src/lib/Pie.svelte,35,svelte,f53e3543,Maria Pardini Osorio,2025-03-20,19:17:32,-04:00,2025-03-20T19:17:32-04:00,0,29
src/lib/Pie.svelte,36,svelte,f53e3543,Maria Pardini Osorio,2025-03-20,19:17:32,-04:00,2025-03-20T19:17:32-04:00,0,25
src/lib/Pie.svelte,37,svelte,f53e3543,Maria Pardini Osorio,2025-03-20,19:17:32,-04:00,2025-03-20T19:17:32-04:00,2,24
src/lib/Pie.svelte,38,svelte,bb29960c,Maria Pardini Osorio,2025-03-20,20:54:02,-04:00,2025-03-20T20:54:02-04:00,2,3
src/lib/Pie.svelte,39,svelte,bb29960c,Maria Pardini Osorio,2025-03-20,20:54:02,-04:00,2025-03-20T20:54:02-04:00,3,5
src/lib/Pie.svelte,40,svelte,bb29960c,Maria Pardini Osorio,2025-03-20,20:54:02,-04:00,2025-03-20T20:54:02-04:00,3,18
src/lib/Pie.svelte,41,svelte,bb29960c,Maria Pardini Osorio,2025-03-20,20:54:02,-04:00,2025-03-20T20:54:02-04:00,3,38
src/lib/Pie.svelte,42,svelte,bb29960c,Maria Pardini Osorio,2025-03-20,20:54:02,-04:00,2025-03-20T20:54:02-04:00,3,69
src/lib/Pie.svelte,43,svelte,bb29960c,Maria Pardini Osorio,2025-03-20,20:54:02,-04:00,2025-03-20T20:54:02-04:00,1,5
src/lib/Pie.svelte,44,svelte,f53e3543,Maria Pardini Osorio,2025-03-20,19:17:32,-04:00,2025-03-20T19:17:32-04:00,0,0
src/lib/Pie.svelte,45,svelte,f53e3543,Maria Pardini Osorio,2025-03-20,19:17:32,-04:00,2025-03-20T19:17:32-04:00,0,4
src/lib/Pie.svelte,46,svelte,f53e3543,Maria Pardini Osorio,2025-03-20,19:17:32,-04:00,2025-03-20T19:17:32-04:00,0,0
src/lib/Pie.svelte,47,svelte,f53e3543,Maria Pardini Osorio,2025-03-20,19:17:32,-04:00,2025-03-20T19:17:32-04:00,0,17
src/lib/Pie.svelte,48,svelte,bb29960c,Maria Pardini Osorio,2025-03-20,20:54:02,-04:00,2025-03-20T20:54:02-04:00,2,22
src/lib/Pie.svelte,49,svelte,bb29960c,Maria Pardini Osorio,2025-03-20,20:54:02,-04:00,2025-03-20T20:54:02-04:00,3,1
src/lib/Pie.svelte,50,svelte,bb29960c,Maria Pardini Osorio,2025-03-20,20:54:02,-04:00,2025-03-20T20:54:02-04:00,4,30
src/lib/Pie.svelte,51,svelte,bb29960c,Maria Pardini Osorio,2025-03-20,20:54:02,-04:00,2025-03-20T20:54:02-04:00,4,38
src/lib/Pie.svelte,52,svelte,bb29960c,Maria Pardini Osorio,2025-03-20,20:54:02,-04:00,2025-03-20T20:54:02-04:00,4,68
src/lib/Pie.svelte,53,svelte,bb29960c,Maria Pardini Osorio,2025-03-20,20:54:02,-04:00,2025-03-20T20:54:02-04:00,4,26
src/lib/Pie.svelte,54,svelte,bb29960c,Maria Pardini Osorio,2025-03-20,20:54:02,-04:00,2025-03-20T20:54:02-04:00,4,28
src/lib/Pie.svelte,55,svelte,bb29960c,Maria Pardini Osorio,2025-03-20,20:54:02,-04:00,2025-03-20T20:54:02-04:00,3,3
src/lib/Pie.svelte,56,svelte,bb29960c,Maria Pardini Osorio,2025-03-20,20:54:02,-04:00,2025-03-20T20:54:02-04:00,2,5
src/lib/Pie.svelte,57,svelte,bb29960c,Maria Pardini Osorio,2025-03-20,20:54:02,-04:00,2025-03-20T20:54:02-04:00,1,3
src/lib/Pie.svelte,58,svelte,f53e3543,Maria Pardini Osorio,2025-03-20,19:17:32,-04:00,2025-03-20T19:17:32-04:00,0,4
src/lib/Pie.svelte,59,svelte,f53e3543,Maria Pardini Osorio,2025-03-20,19:17:32,-04:00,2025-03-20T19:17:32-04:00,0,0
src/lib/Pie.svelte,60,svelte,f53e3543,Maria Pardini Osorio,2025-03-20,19:17:32,-04:00,2025-03-20T19:17:32-04:00,0,5
src/lib/Pie.svelte,61,css,f53e3543,Maria Pardini Osorio,2025-03-20,19:17:32,-04:00,2025-03-20T19:17:32-04:00,0,0
src/lib/Pie.svelte,62,css,f53e3543,Maria Pardini Osorio,2025-03-20,19:17:32,-04:00,2025-03-20T19:17:32-04:00,0,10
src/lib/Pie.svelte,63,css,f53e3543,Maria Pardini Osorio,2025-03-20,19:17:32,-04:00,2025-03-20T19:17:32-04:00,2,12
src/lib/Pie.svelte,64,css,f53e3543,Maria Pardini Osorio,2025-03-20,19:17:32,-04:00,2025-03-20T19:17:32-04:00,2,57
src/lib/Pie.svelte,65,css,f53e3543,Maria Pardini Osorio,2025-03-20,19:17:32,-04:00,2025-03-20T19:17:32-04:00,2,52
src/lib/Pie.svelte,66,css,f53e3543,Maria Pardini Osorio,2025-03-20,19:17:32,-04:00,2025-03-20T19:17:32-04:00,1,0
src/lib/Pie.svelte,67,css,f53e3543,Maria Pardini Osorio,2025-03-20,19:17:32,-04:00,2025-03-20T19:17:32-04:00,0,0
src/lib/Pie.svelte,68,css,f53e3543,Maria Pardini Osorio,2025-03-20,19:17:32,-04:00,2025-03-20T19:17:32-04:00,0,3
src/lib/Pie.svelte,69,css,f53e3543,Maria Pardini Osorio,2025-03-20,19:17:32,-04:00,2025-03-20T19:17:32-04:00,0,14
src/lib/Pie.svelte,70,css,f53e3543,Maria Pardini Osorio,2025-03-20,19:17:32,-04:00,2025-03-20T19:17:32-04:00,0,16
src/lib/Pie.svelte,71,css,f53e3543,Maria Pardini Osorio,2025-03-20,19:17:32,-04:00,2025-03-20T19:17:32-04:00,0,0
src/lib/Pie.svelte,72,css,f53e3543,Maria Pardini Osorio,2025-03-20,19:17:32,-04:00,2025-03-20T19:17:32-04:00,0,42
src/lib/Pie.svelte,73,css,f53e3543,Maria Pardini Osorio,2025-03-20,19:17:32,-04:00,2025-03-20T19:17:32-04:00,0,16
src/lib/Pie.svelte,74,css,f53e3543,Maria Pardini Osorio,2025-03-20,19:17:32,-04:00,2025-03-20T19:17:32-04:00,0,0
src/lib/Pie.svelte,75,css,f53e3543,Maria Pardini Osorio,2025-03-20,19:17:32,-04:00,2025-03-20T19:17:32-04:00,0,0
src/lib/Pie.svelte,76,css,f53e3543,Maria Pardini Osorio,2025-03-20,19:17:32,-04:00,2025-03-20T19:17:32-04:00,0,7
src/lib/Pie.svelte,77,css,f53e3543,Maria Pardini Osorio,2025-03-20,19:17:32,-04:00,2025-03-20T19:17:32-04:00,2,12
src/lib/Pie.svelte,78,css,f53e3543,Maria Pardini Osorio,2025-03-20,19:17:32,-04:00,2025-03-20T19:17:32-04:00,2,57
src/lib/Pie.svelte,79,css,f53e3543,Maria Pardini Osorio,2025-03-20,19:17:32,-04:00,2025-03-20T19:17:32-04:00,2,7
src/lib/Pie.svelte,80,css,f53e3543,Maria Pardini Osorio,2025-03-20,19:17:32,-04:00,2025-03-20T19:17:32-04:00,2,22
src/lib/Pie.svelte,81,css,f53e3543,Maria Pardini Osorio,2025-03-20,19:17:32,-04:00,2025-03-20T19:17:32-04:00,2,11
src/lib/Pie.svelte,82,css,f53e3543,Maria Pardini Osorio,2025-03-20,19:17:32,-04:00,2025-03-20T19:17:32-04:00,2,12
src/lib/Pie.svelte,83,css,f53e3543,Maria Pardini Osorio,2025-03-20,19:17:32,-04:00,2025-03-20T19:17:32-04:00,2,15
src/lib/Pie.svelte,84,css,f53e3543,Maria Pardini Osorio,2025-03-20,19:17:32,-04:00,2025-03-20T19:17:32-04:00,2,52
src/lib/Pie.svelte,85,css,f53e3543,Maria Pardini Osorio,2025-03-20,19:17:32,-04:00,2025-03-20T19:17:32-04:00,1,0
src/lib/Pie.svelte,86,css,f53e3543,Maria Pardini Osorio,2025-03-20,19:17:32,-04:00,2025-03-20T19:17:32-04:00,0,0
src/lib/Pie.svelte,87,css,f53e3543,Maria Pardini Osorio,2025-03-20,19:17:32,-04:00,2025-03-20T19:17:32-04:00,1,10
src/lib/Pie.svelte,88,css,f53e3543,Maria Pardini Osorio,2025-03-20,19:17:32,-04:00,2025-03-20T19:17:32-04:00,2,12
src/lib/Pie.svelte,89,css,f53e3543,Maria Pardini Osorio,2025-03-20,19:17:32,-04:00,2025-03-20T19:17:32-04:00,2,43
src/lib/Pie.svelte,90,css,f53e3543,Maria Pardini Osorio,2025-03-20,19:17:32,-04:00,2025-03-20T19:17:32-04:00,2,51
src/lib/Pie.svelte,91,css,f53e3543,Maria Pardini Osorio,2025-03-20,19:17:32,-04:00,2025-03-20T19:17:32-04:00,1,0
src/lib/Pie.svelte,92,css,f53e3543,Maria Pardini Osorio,2025-03-20,19:17:32,-04:00,2025-03-20T19:17:32-04:00,0,0
src/lib/Pie.svelte,93,css,f53e3543,Maria Pardini Osorio,2025-03-20,19:17:32,-04:00,2025-03-20T19:17:32-04:00,1,7
src/lib/Pie.svelte,94,css,f53e3543,Maria Pardini Osorio,2025-03-20,19:17:32,-04:00,2025-03-20T19:17:32-04:00,2,20
src/lib/Pie.svelte,95,css,f53e3543,Maria Pardini Osorio,2025-03-20,19:17:32,-04:00,2025-03-20T19:17:32-04:00,2,9
src/lib/Pie.svelte,96,css,f53e3543,Maria Pardini Osorio,2025-03-20,19:17:32,-04:00,2025-03-20T19:17:32-04:00,2,10
src/lib/Pie.svelte,97,css,f53e3543,Maria Pardini Osorio,2025-03-20,19:17:32,-04:00,2025-03-20T19:17:32-04:00,2,29
src/lib/Pie.svelte,98,css,f53e3543,Maria Pardini Osorio,2025-03-20,19:17:32,-04:00,2025-03-20T19:17:32-04:00,2,49
src/lib/Pie.svelte,99,css,f53e3543,Maria Pardini Osorio,2025-03-20,19:17:32,-04:00,2025-03-20T19:17:32-04:00,1,0
src/lib/Pie.svelte,100,css,bb29960c,Maria Pardini Osorio,2025-03-20,20:54:02,-04:00,2025-03-20T20:54:02-04:00,0,0
src/lib/Pie.svelte,101,css,bb29960c,Maria Pardini Osorio,2025-03-20,20:54:02,-04:00,2025-03-20T20:54:02-04:00,1,36
src/lib/Pie.svelte,102,css,bb29960c,Maria Pardini Osorio,2025-03-20,20:54:02,-04:00,2025-03-20T20:54:02-04:00,0,11
src/lib/Pie.svelte,103,css,bb29960c,Maria Pardini Osorio,2025-03-20,20:54:02,-04:00,2025-03-20T20:54:02-04:00,0,0
src/lib/Pie.svelte,104,css,bb29960c,Maria Pardini Osorio,2025-03-20,20:54:02,-04:00,2025-03-20T20:54:02-04:00,0,4
src/lib/Pie.svelte,105,css,bb29960c,Maria Pardini Osorio,2025-03-20,20:54:02,-04:00,2025-03-20T20:54:02-04:00,0,16
src/lib/Pie.svelte,106,css,bb29960c,Maria Pardini Osorio,2025-03-20,20:54:02,-04:00,2025-03-20T20:54:02-04:00,2,14
src/lib/Pie.svelte,107,css,bb29960c,Maria Pardini Osorio,2025-03-20,20:54:02,-04:00,2025-03-20T20:54:02-04:00,0,0
src/lib/Pie.svelte,108,css,bb29960c,Maria Pardini Osorio,2025-03-20,20:54:02,-04:00,2025-03-20T20:54:02-04:00,0,0
src/lib/Pie.svelte,109,css,bb29960c,Maria Pardini Osorio,2025-03-20,20:54:02,-04:00,2025-03-20T20:54:02-04:00,0,10
src/lib/Pie.svelte,110,css,bb29960c,Maria Pardini Osorio,2025-03-20,20:54:02,-04:00,2025-03-20T20:54:02-04:00,0,23
src/lib/Pie.svelte,111,css,bb29960c,Maria Pardini Osorio,2025-03-20,20:54:02,-04:00,2025-03-20T20:54:02-04:00,0,0
src/lib/Pie.svelte,112,css,bb29960c,Maria Pardini Osorio,2025-03-20,20:54:02,-04:00,2025-03-20T20:54:02-04:00,0,0
src/lib/Pie.svelte,113,css,bb29960c,Maria Pardini Osorio,2025-03-20,20:54:02,-04:00,2025-03-20T20:54:02-04:00,0,68
src/lib/Pie.svelte,114,css,bb29960c,Maria Pardini Osorio,2025-03-20,20:54:02,-04:00,2025-03-20T20:54:02-04:00,0,38
src/lib/Pie.svelte,115,css,bb29960c,Maria Pardini Osorio,2025-03-20,20:54:02,-04:00,2025-03-20T20:54:02-04:00,1,11
src/lib/Pie.svelte,116,css,bb29960c,Maria Pardini Osorio,2025-03-20,20:54:02,-04:00,2025-03-20T20:54:02-04:00,0,0
src/lib/Pie.svelte,117,css,bb29960c,Maria Pardini Osorio,2025-03-20,20:54:02,-04:00,2025-03-20T20:54:02-04:00,0,0
src/lib/Pie.svelte,118,css,bb29960c,Maria Pardini Osorio,2025-03-20,20:54:02,-04:00,2025-03-20T20:54:02-04:00,0,9
src/lib/Pie.svelte,119,css,bb29960c,Maria Pardini Osorio,2025-03-20,20:54:02,-04:00,2025-03-20T20:54:02-04:00,0,35
src/lib/Pie.svelte,120,css,bb29960c,Maria Pardini Osorio,2025-03-20,20:54:02,-04:00,2025-03-20T20:54:02-04:00,0,0
src/lib/Pie.svelte,121,css,bb29960c,Maria Pardini Osorio,2025-03-20,20:54:02,-04:00,2025-03-20T20:54:02-04:00,0,10
src/lib/Pie.svelte,122,css,bb29960c,Maria Pardini Osorio,2025-03-20,20:54:02,-04:00,2025-03-20T20:54:02-04:00,0,28
src/lib/Pie.svelte,123,css,bb29960c,Maria Pardini Osorio,2025-03-20,20:54:02,-04:00,2025-03-20T20:54:02-04:00,0,0
src/lib/Pie.svelte,124,css,bb29960c,Maria Pardini Osorio,2025-03-20,20:54:02,-04:00,2025-03-20T20:54:02-04:00,0,0
src/lib/Pie.svelte,125,css,bb29960c,Maria Pardini Osorio,2025-03-20,20:54:02,-04:00,2025-03-20T20:54:02-04:00,0,8
src/lib/Pie.svelte,126,css,bb29960c,Maria Pardini Osorio,2025-03-20,20:54:02,-04:00,2025-03-20T20:54:02-04:00,0,18
src/lib/Pie.svelte,127,css,bb29960c,Maria Pardini Osorio,2025-03-20,20:54:02,-04:00,2025-03-20T20:54:02-04:00,0,0
src/lib/Pie.svelte,128,css,bb29960c,Maria Pardini Osorio,2025-03-20,20:54:02,-04:00,2025-03-20T20:54:02-04:00,0,0
src/lib/Pie.svelte,129,css,bb29960c,Maria Pardini Osorio,2025-03-20,20:54:02,-04:00,2025-03-20T20:54:02-04:00,0,0
src/lib/Pie.svelte,130,css,bb29960c,Maria Pardini Osorio,2025-03-20,20:54:02,-04:00,2025-03-20T20:54:02-04:00,0,35
src/lib/Pie.svelte,131,css,bb29960c,Maria Pardini Osorio,2025-03-20,20:54:02,-04:00,2025-03-20T20:54:02-04:00,0,10
src/lib/Pie.svelte,132,css,bb29960c,Maria Pardini Osorio,2025-03-20,20:54:02,-04:00,2025-03-20T20:54:02-04:00,0,0
src/lib/Pie.svelte,133,css,bb29960c,Maria Pardini Osorio,2025-03-20,20:54:02,-04:00,2025-03-20T20:54:02-04:00,0,0
src/lib/Pie.svelte,134,css,bb29960c,Maria Pardini Osorio,2025-03-20,20:54:02,-04:00,2025-03-20T20:54:02-04:00,0,0
src/lib/Pie.svelte,135,svelte,f53e3543,Maria Pardini Osorio,2025-03-20,19:17:32,-04:00,2025-03-20T19:17:32-04:00,0,6
